id,date,name,election_type,state_id,is_statewide,registration_info,absentee_ballot_info,results_uri,polling_hours,has_election_day_registration,registration_deadline,absentee_request_deadline,hours_open_id
e0001,11/8/2016,2016 General Election,federal,st38,true,,,,08:00 AM - 12:00 PM,false,,2016-11-07,
e0002,11/8/2016,2016 General Election,federal,st38,true,,,,01:00 PM - 04:30 PM,false,,2016-11-07,
e0003,11/8/2016,2016 General Election,federal,st38,true,,,,08:00 AM - 12:00 PM,false,,2016-11-07,
e0004,11/8/2016,2016 General Election,federal,st38,true,,,,01:00 PM - 04:30 PM,false,,2016-11-07,
e0005,11/8/2016,2016 General Election,federal,st38,true,,,,08:00 AM - 12:00 PM,false,,2016-11-07,
e0006,11/8/2016,2016 General Election,federal,st38,true,,,,01:00 PM - 04:30 PM,false,,2016-11-07,
e0007,11/8/2016,2016 General Election,federal,st38,true,,,,08:00 AM - 12:00 PM,false,,2016-11-07,
e0008,11/8/2016,2016 General Election,federal,st38,true,,,,01:00 PM - 04:30 PM,false,,2016-11-07,
e0009,11/8/2016,2016 General Election,federal,st38,true,,,,08:00 AM - 12:00 PM,false,,2016-11-07,
e0010,11/8/2016,2016 General Election,federal,st38,true,,,,01:00 PM - 04:30 PM,false,,2016-11-07,
e0011,11/8/2016,2016 General Election,federal,st38,true,,,,08:00 AM - 12:00 PM,false,,2016-11-07,
e0012,11/8/2016,2016 General Election,federal,st38,true,,,,01:00 PM - 04:30 PM,false,,2016-11-07,
e0013,11/8/2016,2016 General Election,federal,st38,true,,,,08:00 AM - 12:00 PM,false,,2016-11-07,
e0014,11/8/2016,2016 General Election,federal,st38,true,,,,01:00 PM - 04:30 PM,false,,2016-11-07,
e0015,11/8/2016,2016 General Election,federal,st38,true,,,,08:00 AM - 05:00 PM,false,,2016-11-07,
e0016,11/8/2016,2016 General Election,federal,st38,true,,,,08:00 AM - 05:00 PM,false,,2016-11-07,
e0017,11/8/2016,2016 General Election,federal,st38,true,,,,08:00 AM - 05:00 PM,false,,2016-11-07,
e0018,11/8/2016,2016 General Election,federal,st38,true,,,,08:00 AM - 05:00 PM,false,,2016-11-07,
e0019,11/8/2016,2016 General Election,federal,st38,true,,,,08:00 AM - 05:00 PM,false,,2016-11-07,
e0020,11/8/2016,2016 General Election,federal,st38,true,,,,08:00 AM - 05:00 PM,false,,2016-11-07,
e0021,11/8/2016,2016 General Election,federal,st38,true,,,,08:00 AM - 05:00 PM,false,,2016-11-07,
e0022,11/8/2016,2016 General Election,federal,st38,true,,,,08:30 AM - 04:30 PM,false,,2016-11-07,
e0023,11/8/2016,2016 General Election,federal,st38,true,,,,08:30 AM - 04:30 PM,false,,2016-11-07,
e0024,11/8/2016,2016 General Election,federal,st38,true,,,,08:30 AM - 04:30 PM,false,,2016-11-07,
e0025,11/8/2016,2016 General Election,federal,st38,true,,,,08:30 AM - 04:30 PM,false,,2016-11-07,
e0026,11/8/2016,2016 General Election,federal,st38,true,,,,08:30 AM - 04:30 PM,false,,2016-11-07,
e0027,11/8/2016,2016 General Election,federal,st38,true,,,,08:30 AM - 04:30 PM,false,,2016-11-07,
e0028,11/8/2016,2016 General Election,federal,st38,true,,,,08:30 AM - 04:30 PM,false,,2016-11-07,
e0029,11/8/2016,2016 General Election,federal,st38,true,,,,08:00 AM - 04:00 PM,false,,2016-11-07,
e0030,11/8/2016,2016 General Election,federal,st38,true,,,,08:00 AM - 04:00 PM,false,,2016-11-07,
e0031,11/8/2016,2016 General Election,federal,st38,true,,,,08:00 AM - 04:00 PM,false,,2016-11-07,
e0032,11/8/2016,2016 General Election,federal,st38,true,,,,08:00 AM - 04:00 PM,false,,2016-11-07,
e0033,11/8/2016,2016 General Election,federal,st38,true,,,,08:00 AM - 04:00 PM,false,,2016-11-07,
e0034,11/8/2016,2016 General Election,federal,st38,true,,,,08:00 AM - 04:00 PM,false,,2016-11-07,
e0035,11/8/2016,2016 General Election,federal,st38,true,,,,08:00 AM - 04:00 PM,false,,2016-11-07,
e0036,11/8/2016,2016 General Election,federal,st38,true,,,,08:30 AM - 05:00 PM,false,,2016-11-07,
e0037,11/8/2016,2016 General Election,federal,st38,true,,,,08:30 AM - 05:00 AM,false,,2016-11-07,
e0038,11/8/2016,2016 General Election,federal,st38,true,,,,08:30 AM - 05:00 AM,false,,2016-11-07,
e0039,11/8/2016,2016 General Election,federal,st38,true,,,,08:30 AM - 05:00 AM,false,,2016-11-07,
e0040,11/8/2016,2016 General Election,federal,st38,true,,,,08:30 AM - 05:00 AM,false,,2016-11-07,
e0041,11/8/2016,2016 General Election,federal,st38,true,,,,08:30 AM - 05:00 AM,false,,2016-11-07,
e0042,11/8/2016,2016 General Election,federal,st38,true,,,,08:30 AM - 05:00 AM,false,,2016-11-07,
e0043,11/8/2016,2016 General Election,federal,st38,true,,,,07:30 AM - 12:00 PM,false,,2016-11-07,
e0044,11/8/2016,2016 General Election,federal,st38,true,,,,12:30 PM - 04:30 PM,false,,2016-11-07,
e0045,11/8/2016,2016 General Election,federal,st38,true,,,,07:30 AM - 12:00 PM,false,,2016-11-07,
e0046,11/8/2016,2016 General Election,federal,st38,true,,,,07:30 AM - 12:00 PM,false,,2016-11-07,
e0047,11/8/2016,2016 General Election,federal,st38,true,,,,12:30 PM - 04:30 PM,false,,2016-11-07,
e0048,11/8/2016,2016 General Election,federal,st38,true,,,,07:30 AM - 12:00 PM,false,,2016-11-07,
e0049,11/8/2016,2016 General Election,federal,st38,true,,,,07:30 AM - 12:00 PM,false,,2016-11-07,
e0050,11/8/2016,2016 General Election,federal,st38,true,,,,12:30 PM - 04:30 PM,false,,2016-11-07,
e0051,11/8/2016,2016 General Election,federal,st38,true,,,,07:30 AM - 12:00 PM,false,,2016-11-07,
e0052,11/8/2016,2016 General Election,federal,st38,true,,,,07:30 AM - 12:00 PM,false,,2016-11-07,
e0053,11/8/2016,2016 General Election,federal,st38,true,,,,12:30 PM - 04:30 PM,false,,2016-11-07,
e0054,11/8/2016,2016 General Election,federal,st38,true,,,,07:30 AM - 12:00 PM,false,,2016-11-07,
e0055,11/8/2016,2016 General Election,federal,st38,true,,,,07:30 AM - 12:00 PM,false,,2016-11-07,
e0056,11/8/2016,2016 General Election,federal,st38,true,,,,12:30 PM - 04:30 PM,false,,2016-11-07,
e0057,11/8/2016,2016 General Election,federal,st38,true,,,,07:30 AM - 12:00 PM,false,,2016-11-07,
e0058,11/8/2016,2016 General Election,federal,st38,true,,,,07:30 AM - 12:00 PM,false,,2016-11-07,
e0059,11/8/2016,2016 General Election,federal,st38,true,,,,12:30 PM - 04:30 PM,false,,2016-11-07,
e0060,11/8/2016,2016 General Election,federal,st38,true,,,,07:30 AM - 12:00 PM,false,,2016-11-07,
e0061,11/8/2016,2016 General Election,federal,st38,true,,,,07:30 AM - 12:00 PM,false,,2016-11-07,
e0062,11/8/2016,2016 General Election,federal,st38,true,,,,12:30 PM - 04:30 PM,false,,2016-11-07,
e0063,11/8/2016,2016 General Election,federal,st38,true,,,,08:30 AM - 12:00 PM,false,,2016-11-07,
e0064,11/8/2016,2016 General Election,federal,st38,true,,,,01:00 PM - 05:00 AM,false,,2016-11-07,
e0065,11/8/2016,2016 General Election,federal,st38,true,,,,08:30 AM - 12:00 PM,false,,2016-11-07,
e0066,11/8/2016,2016 General Election,federal,st38,true,,,,01:00 PM - 05:00 AM,false,,2016-11-07,
e0067,11/8/2016,2016 General Election,federal,st38,true,,,,08:30 AM - 12:00 PM,false,,2016-11-07,
e0068,11/8/2016,2016 General Election,federal,st38,true,,,,01:00 PM - 05:00 AM,false,,2016-11-07,
e0069,11/8/2016,2016 General Election,federal,st38,true,,,,08:30 AM - 12:00 PM,false,,2016-11-07,
e0070,11/8/2016,2016 General Election,federal,st38,true,,,,01:00 PM - 05:00 AM,false,,2016-11-07,
e0071,11/8/2016,2016 General Election,federal,st38,true,,,,08:30 AM - 12:00 PM,false,,2016-11-07,
e0072,11/8/2016,2016 General Election,federal,st38,true,,,,01:00 PM - 05:00 AM,false,,2016-11-07,
e0073,11/8/2016,2016 General Election,federal,st38,true,,,,08:30 AM - 12:00 PM,false,,2016-11-07,
e0074,11/8/2016,2016 General Election,federal,st38,true,,,,01:00 PM - 05:00 AM,false,,2016-11-07,
e0075,11/8/2016,2016 General Election,federal,st38,true,,,,08:30 AM - 12:00 PM,false,,2016-11-07,
e0076,11/8/2016,2016 General Election,federal,st38,true,,,,01:00 PM - 05:00 AM,false,,2016-11-07,
e0077,11/8/2016,2016 General Election,federal,st38,true,,,,08:00 AM - 05:00 PM,false,,2016-11-07,
e0078,11/8/2016,2016 General Election,federal,st38,true,,,,08:00 AM - 05:00 PM,false,,2016-11-07,
e0079,11/8/2016,2016 General Election,federal,st38,true,,,,08:00 AM - 05:00 PM,false,,2016-11-07,
e0080,11/8/2016,2016 General Election,federal,st38,true,,,,08:00 AM - 05:00 PM,false,,2016-11-07,
e0081,11/8/2016,2016 General Election,federal,st38,true,,,,08:00 AM - 05:00 PM,false,,2016-11-07,
e0082,11/8/2016,2016 General Election,federal,st38,true,,,,12:00 PM - 05:30 PM,false,,2016-11-07,
e0083,11/8/2016,2016 General Election,federal,st38,true,,,,10:00 AM - 05:30 PM,false,,2016-11-07,
e0084,11/8/2016,2016 General Election,federal,st38,true,,,,09:30 AM - 01:00 PM,false,,2016-11-07,
e0085,11/8/2016,2016 General Election,federal,st38,true,,,,08:00 AM - 05:00 PM,false,,2016-11-07,
e0086,11/8/2016,2016 General Election,federal,st38,true,,,,10:00 AM - 05:30 PM,false,,2016-11-07,
e0087,11/8/2016,2016 General Election,federal,st38,true,,,,09:30 AM - 01:00 PM,false,,2016-11-07,
e0088,11/8/2016,2016 General Election,federal,st38,true,,,,08:00 AM - 05:00 PM,false,,2016-11-07,
e0089,11/8/2016,2016 General Election,federal,st38,true,,,,10:00 AM - 05:00 PM,false,,2016-11-07,
e0090,11/8/2016,2016 General Election,federal,st38,true,,,,08:00 AM - 05:00 PM,false,,2016-11-07,
e0091,11/8/2016,2016 General Election,federal,st38,true,,,,08:00 AM - 05:00 PM,false,,2016-11-07,
e0092,11/8/2016,2016 General Election,federal,st38,true,,,,08:00 AM - 05:00 PM,false,,2016-11-07,
e0093,11/8/2016,2016 General Election,federal,st38,true,,,,08:00 AM - 05:00 PM,false,,2016-11-07,
e0094,11/8/2016,2016 General Election,federal,st38,true,,,,08:00 AM - 05:00 PM,false,,2016-11-07,
e0095,11/8/2016,2016 General Election,federal,st38,true,,,,08:00 AM - 05:00 PM,false,,2016-11-07,
e0096,11/8/2016,2016 General Election,federal,st38,true,,,,10:00 AM - 07:00 PM,false,,2016-11-07,
e0097,11/8/2016,2016 General Election,federal,st38,true,,,,10:00 AM - 07:00 PM,false,,2016-11-07,
e0098,11/8/2016,2016 General Election,federal,st38,true,,,,10:00 AM - 07:00 PM,false,,2016-11-07,
e0099,11/8/2016,2016 General Election,federal,st38,true,,,,10:00 AM - 07:00 PM,false,,2016-11-07,
e0100,11/8/2016,2016 General Election,federal,st38,true,,,,08:00 AM - 05:00 PM,false,,2016-11-07,
e0101,11/8/2016,2016 General Election,federal,st38,true,,,,08:30 AM - 04:00 PM,false,,2016-11-07,
e0102,11/8/2016,2016 General Election,federal,st38,true,,,,08:30 AM - 04:00 PM,false,,2016-11-07,
e0103,11/8/2016,2016 General Election,federal,st38,true,,,,08:30 AM - 04:00 PM,false,,2016-11-07,
e0104,11/8/2016,2016 General Election,federal,st38,true,,,,08:30 AM - 04:00 PM,false,,2016-11-07,
e0105,11/8/2016,2016 General Election,federal,st38,true,,,,08:30 AM - 04:00 PM,false,,2016-11-07,
e0106,11/8/2016,2016 General Election,federal,st38,true,,,,08:30 AM - 04:00 PM,false,,2016-11-07,
e0107,11/8/2016,2016 General Election,federal,st38,true,,,,08:30 AM - 04:00 PM,false,,2016-11-07,
e0108,11/8/2016,2016 General Election,federal,st38,true,,,,08:00 AM - 12:00 PM,false,,2016-11-07,
e0109,11/8/2016,2016 General Election,federal,st38,true,,,,12:30 PM - 04:30 PM,false,,2016-11-07,
e0110,11/8/2016,2016 General Election,federal,st38,true,,,,08:00 AM - 12:00 PM,false,,2016-11-07,
e0111,11/8/2016,2016 General Election,federal,st38,true,,,,12:30 PM - 04:30 PM,false,,2016-11-07,
e0112,11/8/2016,2016 General Election,federal,st38,true,,,,08:00 AM - 12:00 PM,false,,2016-11-07,
e0113,11/8/2016,2016 General Election,federal,st38,true,,,,12:30 PM - 04:30 PM,false,,2016-11-07,
e0114,11/8/2016,2016 General Election,federal,st38,true,,,,08:00 AM - 12:00 PM,false,,2016-11-07,
e0115,11/8/2016,2016 General Election,federal,st38,true,,,,12:30 PM - 04:30 PM,false,,2016-11-07,
e0116,11/8/2016,2016 General Election,federal,st38,true,,,,08:00 AM - 12:00 PM,false,,2016-11-07,
e0117,11/8/2016,2016 General Election,federal,st38,true,,,,12:30 PM - 04:30 PM,false,,2016-11-07,
e0118,11/8/2016,2016 General Election,federal,st38,true,,,,08:00 AM - 12:00 PM,false,,2016-11-07,
e0119,11/8/2016,2016 General Election,federal,st38,true,,,,12:30 PM - 04:30 PM,false,,2016-11-07,
e0120,11/8/2016,2016 General Election,federal,st38,true,,,,08:00 AM - 12:00 PM,false,,2016-11-07,
e0121,11/8/2016,2016 General Election,federal,st38,true,,,,12:30 PM - 04:30 PM,false,,2016-11-07,
e0122,11/8/2016,2016 General Election,federal,st38,true,,,,08:30 AM - 12:00 PM,false,,2016-11-07,
e0123,11/8/2016,2016 General Election,federal,st38,true,,,,01:00 PM - 05:00 PM,false,,2016-11-07,
e0124,11/8/2016,2016 General Election,federal,st38,true,,,,08:30 AM - 12:00 PM,false,,2016-11-07,
e0125,11/8/2016,2016 General Election,federal,st38,true,,,,01:00 PM - 05:00 PM,false,,2016-11-07,
e0126,11/8/2016,2016 General Election,federal,st38,true,,,,08:30 AM - 12:00 PM,false,,2016-11-07,
e0127,11/8/2016,2016 General Election,federal,st38,true,,,,01:00 PM - 05:00 PM,false,,2016-11-07,
e0128,11/8/2016,2016 General Election,federal,st38,true,,,,08:30 AM - 12:00 PM,false,,2016-11-07,
e0129,11/8/2016,2016 General Election,federal,st38,true,,,,01:00 PM - 05:00 PM,false,,2016-11-07,
e0130,11/8/2016,2016 General Election,federal,st38,true,,,,08:30 AM - 12:00 PM,false,,2016-11-07,
e0131,11/8/2016,2016 General Election,federal,st38,true,,,,01:00 PM - 05:00 PM,false,,2016-11-07,
e0132,11/8/2016,2016 General Election,federal,st38,true,,,,08:30 AM - 12:00 PM,false,,2016-11-07,
e0133,11/8/2016,2016 General Election,federal,st38,true,,,,01:00 PM - 05:00 PM,false,,2016-11-07,
e0134,11/8/2016,2016 General Election,federal,st38,true,,,,08:30 AM - 12:00 PM,false,,2016-11-07,
e0135,11/8/2016,2016 General Election,federal,st38,true,,,,01:00 PM - 05:00 PM,false,,2016-11-07,
e0136,11/8/2016,2016 General Election,federal,st38,true,,,,08:00 AM - 04:30 PM,false,,2016-11-07,
e0137,11/8/2016,2016 General Election,federal,st38,true,,,,08:00 AM - 04:30 PM,false,,2016-11-07,
e0138,11/8/2016,2016 General Election,federal,st38,true,,,,08:00 AM - 04:30 PM,false,,2016-11-07,
e0139,11/8/2016,2016 General Election,federal,st38,true,,,,08:00 AM - 04:30 PM,false,,2016-11-07,
e0140,11/8/2016,2016 General Election,federal,st38,true,,,,08:00 AM - 04:30 PM,false,,2016-11-07,
e0141,11/8/2016,2016 General Election,federal,st38,true,,,,08:00 AM - 04:30 PM,false,,2016-11-07,
e0142,11/8/2016,2016 General Election,federal,st38,true,,,,08:00 AM - 04:30 PM,false,,2016-11-07,
e0143,11/8/2016,2016 General Election,federal,st38,true,,,,08:00 AM - 12:00 PM,false,,2016-11-07,
e0144,11/8/2016,2016 General Election,federal,st38,true,,,,12:30 PM - 04:00 PM,false,,2016-11-07,
e0145,11/8/2016,2016 General Election,federal,st38,true,,,,08:00 AM - 12:00 PM,false,,2016-11-07,
e0146,11/8/2016,2016 General Election,federal,st38,true,,,,12:30 PM - 04:00 PM,false,,2016-11-07,
e0147,11/8/2016,2016 General Election,federal,st38,true,,,,08:00 AM - 12:00 PM,false,,2016-11-07,
e0148,11/8/2016,2016 General Election,federal,st38,true,,,,12:30 PM - 04:00 PM,false,,2016-11-07,
e0149,11/8/2016,2016 General Election,federal,st38,true,,,,08:00 AM - 12:00 PM,false,,2016-11-07,
e0150,11/8/2016,2016 General Election,federal,st38,true,,,,12:30 PM - 04:00 PM,false,,2016-11-07,
e0151,11/8/2016,2016 General Election,federal,st38,true,,,,08:00 AM - 12:00 PM,false,,2016-11-07,
e0152,11/8/2016,2016 General Election,federal,st38,true,,,,12:30 PM - 04:00 PM,false,,2016-11-07,
e0153,11/8/2016,2016 General Election,federal,st38,true,,,,08:00 AM - 12:00 PM,false,,2016-11-07,
e0154,11/8/2016,2016 General Election,federal,st38,true,,,,12:30 PM - 04:00 PM,false,,2016-11-07,
e0155,11/8/2016,2016 General Election,federal,st38,true,,,,08:00 AM - 12:00 PM,false,,2016-11-07,
e0156,11/8/2016,2016 General Election,federal,st38,true,,,,12:30 PM - 04:00 PM,false,,2016-11-07,
e0157,11/8/2016,2016 General Election,federal,st38,true,,,,08:30 AM - 12:00 PM,false,,2016-11-07,
e0158,11/8/2016,2016 General Election,federal,st38,true,,,,01:00 PM - 05:00 PM,false,,2016-11-07,
e0159,11/8/2016,2016 General Election,federal,st38,true,,,,08:30 AM - 12:00 PM,false,,2016-11-07,
e0160,11/8/2016,2016 General Election,federal,st38,true,,,,01:00 PM - 05:00 PM,false,,2016-11-07,
e0161,11/8/2016,2016 General Election,federal,st38,true,,,,08:30 AM - 12:00 PM,false,,2016-11-07,
e0162,11/8/2016,2016 General Election,federal,st38,true,,,,01:00 PM - 05:00 PM,false,,2016-11-07,
e0163,11/8/2016,2016 General Election,federal,st38,true,,,,08:30 AM - 12:00 PM,false,,2016-11-07,
e0164,11/8/2016,2016 General Election,federal,st38,true,,,,01:00 PM - 05:00 PM,false,,2016-11-07,
e0165,11/8/2016,2016 General Election,federal,st38,true,,,,08:30 AM - 12:00 PM,false,,2016-11-07,
e0166,11/8/2016,2016 General Election,federal,st38,true,,,,01:00 PM - 05:00 PM,false,,2016-11-07,
e0167,11/8/2016,2016 General Election,federal,st38,true,,,,08:30 AM - 12:00 PM,false,,2016-11-07,
e0168,11/8/2016,2016 General Election,federal,st38,true,,,,01:00 PM - 05:00 PM,false,,2016-11-07,
e0169,11/8/2016,2016 General Election,federal,st38,true,,,,08:30 AM - 12:00 PM,false,,2016-11-07,
e0170,11/8/2016,2016 General Election,federal,st38,true,,,,01:00 PM - 05:00 PM,false,,2016-11-07,
e0171,11/8/2016,2016 General Election,federal,st38,true,,,,08:30 AM - 12:00 PM,false,,2016-11-07,
e0172,11/8/2016,2016 General Election,federal,st38,true,,,,01:00 PM - 04:30 PM,false,,2016-11-07,
e0173,11/8/2016,2016 General Election,federal,st38,true,,,,08:30 AM - 12:00 PM,false,,2016-11-07,
e0174,11/8/2016,2016 General Election,federal,st38,true,,,,01:00 PM - 04:30 PM,false,,2016-11-07,
e0175,11/8/2016,2016 General Election,federal,st38,true,,,,08:30 AM - 12:00 PM,false,,2016-11-07,
e0176,11/8/2016,2016 General Election,federal,st38,true,,,,01:00 PM - 04:30 PM,false,,2016-11-07,
e0177,11/8/2016,2016 General Election,federal,st38,true,,,,08:30 AM - 12:00 PM,false,,2016-11-07,
e0178,11/8/2016,2016 General Election,federal,st38,true,,,,01:00 PM - 04:30 PM,false,,2016-11-07,
e0179,11/8/2016,2016 General Election,federal,st38,true,,,,08:30 AM - 12:00 PM,false,,2016-11-07,
e0180,11/8/2016,2016 General Election,federal,st38,true,,,,01:00 PM - 04:30 PM,false,,2016-11-07,
e0181,11/8/2016,2016 General Election,federal,st38,true,,,,08:30 AM - 12:00 PM,false,,2016-11-07,
e0182,11/8/2016,2016 General Election,federal,st38,true,,,,01:00 PM - 04:30 PM,false,,2016-11-07,
e0183,11/8/2016,2016 General Election,federal,st38,true,,,,08:30 AM - 12:00 PM,false,,2016-11-07,
e0184,11/8/2016,2016 General Election,federal,st38,true,,,,01:00 PM - 04:30 PM,false,,2016-11-07,
e0185,11/8/2016,2016 General Election,federal,st38,true,,,,08:00 AM - 04:00 PM,false,,2016-11-07,
e0186,11/8/2016,2016 General Election,federal,st38,true,,,,08:00 AM - 04:00 PM,false,,2016-11-07,
e0187,11/8/2016,2016 General Election,federal,st38,true,,,,08:00 AM - 04:00 PM,false,,2016-11-07,
e0188,11/8/2016,2016 General Election,federal,st38,true,,,,08:00 AM - 04:00 PM,false,,2016-11-07,
e0189,11/8/2016,2016 General Election,federal,st38,true,,,,08:00 AM - 04:00 PM,false,,2016-11-07,
e0190,11/8/2016,2016 General Election,federal,st38,true,,,,08:00 AM - 04:00 PM,false,,2016-11-07,
e0191,11/8/2016,2016 General Election,federal,st38,true,,,,08:00 AM - 04:00 PM,false,,2016-11-07,
e0192,11/8/2016,2016 General Election,federal,st38,true,,,,08:00 AM - 05:00 PM,false,,2016-11-07,
e0193,11/8/2016,2016 General Election,federal,st38,true,,,,08:00 AM - 05:00 PM,false,,2016-11-07,
e0194,11/8/2016,2016 General Election,federal,st38,true,,,,08:00 AM - 05:00 PM,false,,2016-11-07,
e0195,11/8/2016,2016 General Election,federal,st38,true,,,,08:00 AM - 05:00 PM,false,,2016-11-07,
e0196,11/8/2016,2016 General Election,federal,st38,true,,,,08:00 AM - 05:00 PM,false,,2016-11-07,
e0197,11/8/2016,2016 General Election,federal,st38,true,,,,08:00 AM - 05:00 PM,false,,2016-11-07,
e0198,11/8/2016,2016 General Election,federal,st38,true,,,,10:00 AM - 06:00 PM,false,,2016-11-07,
e0199,11/8/2016,2016 General Election,federal,st38,true,,,,08:00 AM - 05:00 PM,false,,2016-11-07,
e0200,11/8/2016,2016 General Election,federal,st38,true,,,,08:00 AM - 12:00 PM,false,,2016-11-07,
e0201,11/8/2016,2016 General Election,federal,st38,true,,,,12:30 PM - 04:00 PM,false,,2016-11-07,
e0202,11/8/2016,2016 General Election,federal,st38,true,,,,08:00 AM - 12:00 PM,false,,2016-11-07,
e0203,11/8/2016,2016 General Election,federal,st38,true,,,,12:30 PM - 04:00 PM,false,,2016-11-07,
e0204,11/8/2016,2016 General Election,federal,st38,true,,,,08:00 AM - 12:00 PM,false,,2016-11-07,
e0205,11/8/2016,2016 General Election,federal,st38,true,,,,12:30 PM - 04:00 PM,false,,2016-11-07,
e0206,11/8/2016,2016 General Election,federal,st38,true,,,,08:00 AM - 12:00 PM,false,,2016-11-07,
e0207,11/8/2016,2016 General Election,federal,st38,true,,,,12:30 PM - 04:00 PM,false,,2016-11-07,
e0208,11/8/2016,2016 General Election,federal,st38,true,,,,08:00 AM - 12:00 PM,false,,2016-11-07,
e0209,11/8/2016,2016 General Election,federal,st38,true,,,,12:30 PM - 04:00 PM,false,,2016-11-07,
e0210,11/8/2016,2016 General Election,federal,st38,true,,,,08:00 AM - 12:00 PM,false,,2016-11-07,
e0211,11/8/2016,2016 General Election,federal,st38,true,,,,12:30 PM - 04:00 PM,false,,2016-11-07,
e0212,11/8/2016,2016 General Election,federal,st38,true,,,,08:00 AM - 12:00 PM,false,,2016-11-07,
e0213,11/8/2016,2016 General Election,federal,st38,true,,,,12:30 PM - 04:00 PM,false,,2016-11-07,
e0214,11/8/2016,2016 General Election,federal,st38,true,,,,08:00 AM - 12:00 PM,false,,2016-11-07,
e0215,11/8/2016,2016 General Election,federal,st38,true,,,,01:00 PM - 04:30 PM,false,,2016-11-07,
e0216,11/8/2016,2016 General Election,federal,st38,true,,,,08:00 AM - 12:00 PM,false,,2016-11-07,
e0217,11/8/2016,2016 General Election,federal,st38,true,,,,01:00 PM - 04:30 PM,false,,2016-11-07,
e0218,11/8/2016,2016 General Election,federal,st38,true,,,,08:00 AM - 12:00 PM,false,,2016-11-07,
e0219,11/8/2016,2016 General Election,federal,st38,true,,,,01:00 PM - 04:30 PM,false,,2016-11-07,
e0220,11/8/2016,2016 General Election,federal,st38,true,,,,08:00 AM - 12:00 PM,false,,2016-11-07,
e0221,11/8/2016,2016 General Election,federal,st38,true,,,,01:00 PM - 04:30 PM,false,,2016-11-07,
e0222,11/8/2016,2016 General Election,federal,st38,true,,,,08:00 AM - 12:00 PM,false,,2016-11-07,
e0223,11/8/2016,2016 General Election,federal,st38,true,,,,01:00 PM - 04:30 PM,false,,2016-11-07,
e0224,11/8/2016,2016 General Election,federal,st38,true,,,,08:00 AM - 12:00 PM,false,,2016-11-07,
e0225,11/8/2016,2016 General Election,federal,st38,true,,,,01:00 PM - 04:30 PM,false,,2016-11-07,
e0226,11/8/2016,2016 General Election,federal,st38,true,,,,08:00 AM - 12:00 PM,false,,2016-11-07,
e0227,11/8/2016,2016 General Election,federal,st38,true,,,,01:00 PM - 04:30 PM,false,,2016-11-07,
e0228,11/8/2016,2016 General Election,federal,st38,true,,,,07:30 AM - 12:00 PM,false,,2016-11-07,
e0229,11/8/2016,2016 General Election,federal,st38,true,,,,12:45 PM - 04:30 PM,false,,2016-11-07,
e0230,11/8/2016,2016 General Election,federal,st38,true,,,,07:30 AM - 12:00 PM,false,,2016-11-07,
e0231,11/8/2016,2016 General Election,federal,st38,true,,,,07:30 AM - 12:00 PM,false,,2016-11-07,
e0232,11/8/2016,2016 General Election,federal,st38,true,,,,12:45 PM - 04:30 PM,false,,2016-11-07,
e0233,11/8/2016,2016 General Election,federal,st38,true,,,,07:30 AM - 12:00 PM,false,,2016-11-07,
e0234,11/8/2016,2016 General Election,federal,st38,true,,,,07:30 AM - 12:00 PM,false,,2016-11-07,
e0235,11/8/2016,2016 General Election,federal,st38,true,,,,12:45 PM - 04:30 PM,false,,2016-11-07,
e0236,11/8/2016,2016 General Election,federal,st38,true,,,,07:30 AM - 12:00 PM,false,,2016-11-07,
e0237,11/8/2016,2016 General Election,federal,st38,true,,,,07:30 AM - 12:00 PM,false,,2016-11-07,
e0238,11/8/2016,2016 General Election,federal,st38,true,,,,12:45 PM - 04:30 PM,false,,2016-11-07,
e0239,11/8/2016,2016 General Election,federal,st38,true,,,,07:30 AM - 12:00 PM,false,,2016-11-07,
e0240,11/8/2016,2016 General Election,federal,st38,true,,,,07:30 AM - 12:00 PM,false,,2016-11-07,
e0241,11/8/2016,2016 General Election,federal,st38,true,,,,12:45 PM - 04:30 PM,false,,2016-11-07,
e0242,11/8/2016,2016 General Election,federal,st38,true,,,,07:30 AM - 12:00 PM,false,,2016-11-07,
e0243,11/8/2016,2016 General Election,federal,st38,true,,,,07:30 AM - 12:00 PM,false,,2016-11-07,
e0244,11/8/2016,2016 General Election,federal,st38,true,,,,12:45 PM - 04:30 PM,false,,2016-11-07,
e0245,11/8/2016,2016 General Election,federal,st38,true,,,,07:30 AM - 12:00 PM,false,,2016-11-07,
e0246,11/8/2016,2016 General Election,federal,st38,true,,,,07:30 AM - 12:00 PM,false,,2016-11-07,
e0247,11/8/2016,2016 General Election,federal,st38,true,,,,12:45 PM - 04:30 PM,false,,2016-11-07,
e0248,11/8/2016,2016 General Election,federal,st38,true,,,,09:00 AM - 12:00 PM,false,,2016-11-07,
e0249,11/8/2016,2016 General Election,federal,st38,true,,,,01:00 PM - 05:00 PM,false,,2016-11-07,
e0250,11/8/2016,2016 General Election,federal,st38,true,,,,09:00 AM - 12:00 PM,false,,2016-11-07,
e0251,11/8/2016,2016 General Election,federal,st38,true,,,,01:00 PM - 05:00 PM,false,,2016-11-07,
e0252,11/8/2016,2016 General Election,federal,st38,true,,,,09:00 AM - 12:00 PM,false,,2016-11-07,
e0253,11/8/2016,2016 General Election,federal,st38,true,,,,01:00 PM - 05:00 PM,false,,2016-11-07,
e0254,11/8/2016,2016 General Election,federal,st38,true,,,,09:00 AM - 12:00 PM,false,,2016-11-07,
e0255,11/8/2016,2016 General Election,federal,st38,true,,,,01:00 PM - 05:00 PM,false,,2016-11-07,
e0256,11/8/2016,2016 General Election,federal,st38,true,,,,09:00 AM - 12:00 PM,false,,2016-11-07,
e0257,11/8/2016,2016 General Election,federal,st38,true,,,,01:00 PM - 05:00 PM,false,,2016-11-07,
e0258,11/8/2016,2016 General Election,federal,st38,true,,,,09:00 AM - 12:00 PM,false,,2016-11-07,
e0259,11/8/2016,2016 General Election,federal,st38,true,,,,01:00 PM - 05:00 PM,false,,2016-11-07,
e0260,11/8/2016,2016 General Election,federal,st38,true,,,,09:00 AM - 12:00 PM,false,,2016-11-07,
e0261,11/8/2016,2016 General Election,federal,st38,true,,,,01:00 PM - 05:00 PM,false,,2016-11-07,
e0262,11/8/2016,2016 General Election,federal,st38,true,,,,08:30 AM - 12:00 PM,false,,2016-11-07,
e0263,11/8/2016,2016 General Election,federal,st38,true,,,,01:00 PM - 04:30 PM,false,,2016-11-07,
e0264,11/8/2016,2016 General Election,federal,st38,true,,,,08:30 AM - 12:00 PM,false,,2016-11-07,
e0265,11/8/2016,2016 General Election,federal,st38,true,,,,01:00 PM - 04:30 PM,false,,2016-11-07,
e0266,11/8/2016,2016 General Election,federal,st38,true,,,,08:30 AM - 12:00 PM,false,,2016-11-07,
e0267,11/8/2016,2016 General Election,federal,st38,true,,,,01:00 PM - 04:30 PM,false,,2016-11-07,
e0268,11/8/2016,2016 General Election,federal,st38,true,,,,08:30 AM - 12:00 PM,false,,2016-11-07,
e0269,11/8/2016,2016 General Election,federal,st38,true,,,,01:00 PM - 04:30 PM,false,,2016-11-07,
e0270,11/8/2016,2016 General Election,federal,st38,true,,,,08:30 AM - 12:00 PM,false,,2016-11-07,
e0271,11/8/2016,2016 General Election,federal,st38,true,,,,01:00 PM - 04:30 PM,false,,2016-11-07,
e0272,11/8/2016,2016 General Election,federal,st38,true,,,,08:30 AM - 12:00 PM,false,,2016-11-07,
e0273,11/8/2016,2016 General Election,federal,st38,true,,,,01:00 PM - 04:30 PM,false,,2016-11-07,
e0274,11/8/2016,2016 General Election,federal,st38,true,,,,08:30 AM - 12:00 PM,false,,2016-11-07,
e0275,11/8/2016,2016 General Election,federal,st38,true,,,,01:00 PM - 04:30 PM,false,,2016-11-07,
e0276,11/8/2016,2016 General Election,federal,st38,true,,,,08:30 AM - 12:00 PM,false,,2016-11-07,
e0277,11/8/2016,2016 General Election,federal,st38,true,,,,01:00 PM - 04:30 PM,false,,2016-11-07,
e0278,11/8/2016,2016 General Election,federal,st38,true,,,,08:30 AM - 12:00 PM,false,,2016-11-07,
e0279,11/8/2016,2016 General Election,federal,st38,true,,,,01:00 PM - 04:30 PM,false,,2016-11-07,
e0280,11/8/2016,2016 General Election,federal,st38,true,,,,08:30 AM - 12:00 PM,false,,2016-11-07,
e0281,11/8/2016,2016 General Election,federal,st38,true,,,,01:00 PM - 04:30 PM,false,,2016-11-07,
e0282,11/8/2016,2016 General Election,federal,st38,true,,,,08:30 AM - 12:00 PM,false,,2016-11-07,
e0283,11/8/2016,2016 General Election,federal,st38,true,,,,01:00 PM - 04:30 PM,false,,2016-11-07,
e0284,11/8/2016,2016 General Election,federal,st38,true,,,,08:30 AM - 12:00 PM,false,,2016-11-07,
e0285,11/8/2016,2016 General Election,federal,st38,true,,,,01:00 PM - 04:30 PM,false,,2016-11-07,
e0286,11/8/2016,2016 General Election,federal,st38,true,,,,08:30 AM - 12:00 PM,false,,2016-11-07,
e0287,11/8/2016,2016 General Election,federal,st38,true,,,,01:00 PM - 04:30 PM,false,,2016-11-07,
e0288,11/8/2016,2016 General Election,federal,st38,true,,,,08:30 AM - 12:00 PM,false,,2016-11-07,
e0289,11/8/2016,2016 General Election,federal,st38,true,,,,01:00 PM - 04:30 PM,false,,2016-11-07,
e0290,11/8/2016,2016 General Election,federal,st38,true,,,,08:00 AM - 12:00 PM,false,,2016-11-07,
e0291,11/8/2016,2016 General Election,federal,st38,true,,,,01:00 PM - 04:30 PM,false,,2016-11-07,
e0292,11/8/2016,2016 General Election,federal,st38,true,,,,08:00 AM - 12:00 PM,false,,2016-11-07,
e0293,11/8/2016,2016 General Election,federal,st38,true,,,,01:00 PM - 04:30 PM,false,,2016-11-07,
e0294,11/8/2016,2016 General Election,federal,st38,true,,,,08:00 AM - 12:00 PM,false,,2016-11-07,
e0295,11/8/2016,2016 General Election,federal,st38,true,,,,01:00 PM - 04:30 PM,false,,2016-11-07,
e0296,11/8/2016,2016 General Election,federal,st38,true,,,,08:00 AM - 12:00 PM,false,,2016-11-07,
e0297,11/8/2016,2016 General Election,federal,st38,true,,,,01:00 PM - 04:30 PM,false,,2016-11-07,
e0298,11/8/2016,2016 General Election,federal,st38,true,,,,08:00 AM - 12:00 PM,false,,2016-11-07,
e0299,11/8/2016,2016 General Election,federal,st38,true,,,,01:00 PM - 04:30 PM,false,,2016-11-07,
e0300,11/8/2016,2016 General Election,federal,st38,true,,,,08:00 AM - 12:00 PM,false,,2016-11-07,
e0301,11/8/2016,2016 General Election,federal,st38,true,,,,01:00 PM - 04:30 PM,false,,2016-11-07,
e0302,11/8/2016,2016 General Election,federal,st38,true,,,,08:00 AM - 12:00 PM,false,,2016-11-07,
e0303,11/8/2016,2016 General Election,federal,st38,true,,,,01:00 PM - 04:30 PM,false,,2016-11-07,
e0304,11/8/2016,2016 General Election,federal,st38,true,,,,08:00 AM - 12:00 PM,false,,2016-11-07,
e0305,11/8/2016,2016 General Election,federal,st38,true,,,,01:00 PM - 04:30 PM,false,,2016-11-07,
e0306,11/8/2016,2016 General Election,federal,st38,true,,,,08:00 AM - 12:00 PM,false,,2016-11-07,
e0307,11/8/2016,2016 General Election,federal,st38,true,,,,01:00 PM - 04:30 PM,false,,2016-11-07,
e0308,11/8/2016,2016 General Election,federal,st38,true,,,,08:00 AM - 12:00 PM,false,,2016-11-07,
e0309,11/8/2016,2016 General Election,federal,st38,true,,,,01:00 PM - 04:30 PM,false,,2016-11-07,
e0310,11/8/2016,2016 General Election,federal,st38,true,,,,08:00 AM - 12:00 PM,false,,2016-11-07,
e0311,11/8/2016,2016 General Election,federal,st38,true,,,,01:00 PM - 04:30 PM,false,,2016-11-07,
e0312,11/8/2016,2016 General Election,federal,st38,true,,,,08:00 AM - 12:00 PM,false,,2016-11-07,
e0313,11/8/2016,2016 General Election,federal,st38,true,,,,01:00 PM - 04:30 PM,false,,2016-11-07,
e0314,11/8/2016,2016 General Election,federal,st38,true,,,,08:00 AM - 12:00 PM,false,,2016-11-07,
e0315,11/8/2016,2016 General Election,federal,st38,true,,,,01:00 PM - 04:30 PM,false,,2016-11-07,
e0316,11/8/2016,2016 General Election,federal,st38,true,,,,08:00 AM - 12:00 PM,false,,2016-11-07,
e0317,11/8/2016,2016 General Election,federal,st38,true,,,,01:00 PM - 04:30 PM,false,,2016-11-07,
e0318,11/8/2016,2016 General Election,federal,st38,true,,,,08:00 AM - 04:30 PM,false,,2016-11-07,
e0319,11/8/2016,2016 General Election,federal,st38,true,,,,08:00 AM - 04:30 PM,false,,2016-11-07,
e0320,11/8/2016,2016 General Election,federal,st38,true,,,,08:00 AM - 04:30 PM,false,,2016-11-07,
e0321,11/8/2016,2016 General Election,federal,st38,true,,,,08:00 AM - 04:30 PM,false,,2016-11-07,
e0322,11/8/2016,2016 General Election,federal,st38,true,,,,08:00 AM - 04:30 PM,false,,2016-11-07,
e0323,11/8/2016,2016 General Election,federal,st38,true,,,,08:00 AM - 04:30 PM,false,,2016-11-07,
e0324,11/8/2016,2016 General Election,federal,st38,true,,,,08:00 AM - 04:30 PM,false,,2016-11-07,
e0325,11/8/2016,2016 General Election,federal,st38,true,,,,08:00 AM - 12:00 PM,false,,2016-11-07,
e0326,11/8/2016,2016 General Election,federal,st38,true,,,,12:30 PM - 04:30 PM,false,,2016-11-07,
e0327,11/8/2016,2016 General Election,federal,st38,true,,,,08:00 AM - 12:00 PM,false,,2016-11-07,
e0328,11/8/2016,2016 General Election,federal,st38,true,,,,12:30 PM - 04:30 PM,false,,2016-11-07,
e0329,11/8/2016,2016 General Election,federal,st38,true,,,,08:00 AM - 12:00 PM,false,,2016-11-07,
e0330,11/8/2016,2016 General Election,federal,st38,true,,,,12:30 PM - 04:30 PM,false,,2016-11-07,
e0331,11/8/2016,2016 General Election,federal,st38,true,,,,08:00 AM - 12:00 PM,false,,2016-11-07,
e0332,11/8/2016,2016 General Election,federal,st38,true,,,,12:30 PM - 04:30 PM,false,,2016-11-07,
e0333,11/8/2016,2016 General Election,federal,st38,true,,,,08:00 AM - 12:00 PM,false,,2016-11-07,
e0334,11/8/2016,2016 General Election,federal,st38,true,,,,12:30 PM - 04:30 PM,false,,2016-11-07,
e0335,11/8/2016,2016 General Election,federal,st38,true,,,,08:00 AM - 12:00 PM,false,,2016-11-07,
e0336,11/8/2016,2016 General Election,federal,st38,true,,,,12:30 PM - 04:30 PM,false,,2016-11-07,
e0337,11/8/2016,2016 General Election,federal,st38,true,,,,08:00 AM - 12:00 PM,false,,2016-11-07,
e0338,11/8/2016,2016 General Election,federal,st38,true,,,,12:30 PM - 04:30 PM,false,,2016-11-07,
e0339,11/8/2016,2016 General Election,federal,st38,true,,,,08:00 AM - 04:00 PM,false,,2016-11-07,
e0340,11/8/2016,2016 General Election,federal,st38,true,,,,08:00 AM - 04:00 PM,false,,2016-11-07,
e0341,11/8/2016,2016 General Election,federal,st38,true,,,,08:00 AM - 04:00 PM,false,,2016-11-07,
e0342,11/8/2016,2016 General Election,federal,st38,true,,,,08:00 AM - 04:00 PM,false,,2016-11-07,
e0343,11/8/2016,2016 General Election,federal,st38,true,,,,08:00 AM - 04:00 PM,false,,2016-11-07,
e0344,11/8/2016,2016 General Election,federal,st38,true,,,,08:00 AM - 04:00 PM,false,,2016-11-07,
e0345,11/8/2016,2016 General Election,federal,st38,true,,,,08:00 AM - 04:00 PM,false,,2016-11-07,
e0346,11/8/2016,2016 General Election,federal,st38,true,,,,08:00 AM - 05:00 PM,false,,2016-11-07,
e0347,11/8/2016,2016 General Election,federal,st38,true,,,,08:00 AM - 05:00 PM,false,,2016-11-07,
e0348,11/8/2016,2016 General Election,federal,st38,true,,,,08:00 AM - 05:00 PM,false,,2016-11-07,
e0349,11/8/2016,2016 General Election,federal,st38,true,,,,08:00 AM - 05:00 PM,false,,2016-11-07,
e0350,11/8/2016,2016 General Election,federal,st38,true,,,,08:00 AM - 05:00 PM,false,,2016-11-07,
e0351,11/8/2016,2016 General Election,federal,st38,true,,,,08:00 AM - 05:00 PM,false,,2016-11-07,
e0352,11/8/2016,2016 General Election,federal,st38,true,,,,08:00 AM - 05:00 PM,false,,2016-11-07,
e0353,11/8/2016,2016 General Election,federal,st38,true,,,,08:00 AM - 12:00 PM,false,,2016-11-07,
e0354,11/8/2016,2016 General Election,federal,st38,true,,,,12:30 PM - 04:30 PM,false,,2016-11-07,
e0355,11/8/2016,2016 General Election,federal,st38,true,,,,08:00 AM - 12:00 PM,false,,2016-11-07,
e0356,11/8/2016,2016 General Election,federal,st38,true,,,,12:30 PM - 04:30 PM,false,,2016-11-07,
e0357,11/8/2016,2016 General Election,federal,st38,true,,,,08:00 AM - 12:00 PM,false,,2016-11-07,
e0358,11/8/2016,2016 General Election,federal,st38,true,,,,12:30 PM - 04:30 PM,false,,2016-11-07,
e0359,11/8/2016,2016 General Election,federal,st38,true,,,,08:00 AM - 12:00 PM,false,,2016-11-07,
e0360,11/8/2016,2016 General Election,federal,st38,true,,,,12:30 PM - 04:30 PM,false,,2016-11-07,
e0361,11/8/2016,2016 General Election,federal,st38,true,,,,08:00 AM - 12:00 PM,false,,2016-11-07,
e0362,11/8/2016,2016 General Election,federal,st38,true,,,,12:30 PM - 04:30 PM,false,,2016-11-07,
e0363,11/8/2016,2016 General Election,federal,st38,true,,,,08:00 AM - 12:00 PM,false,,2016-11-07,
e0364,11/8/2016,2016 General Election,federal,st38,true,,,,12:30 PM - 04:30 PM,false,,2016-11-07,
e0365,11/8/2016,2016 General Election,federal,st38,true,,,,08:00 AM - 12:00 PM,false,,2016-11-07,
e0366,11/8/2016,2016 General Election,federal,st38,true,,,,12:30 PM - 04:30 PM,false,,2016-11-07,
e0367,11/8/2016,2016 General Election,federal,st38,true,,,,08:00 AM - 04:00 PM,false,,2016-11-07,
e0368,11/8/2016,2016 General Election,federal,st38,true,,,,08:00 AM - 04:00 PM,false,,2016-11-07,
e0369,11/8/2016,2016 General Election,federal,st38,true,,,,08:00 AM - 04:00 PM,false,,2016-11-07,
e0370,11/8/2016,2016 General Election,federal,st38,true,,,,08:00 AM - 04:00 PM,false,,2016-11-07,
e0371,11/8/2016,2016 General Election,federal,st38,true,,,,08:00 AM - 04:00 PM,false,,2016-11-07,
e0372,11/8/2016,2016 General Election,federal,st38,true,,,,08:00 AM - 04:00 PM,false,,2016-11-07,
e0373,11/8/2016,2016 General Election,federal,st38,true,,,,08:00 AM - 04:00 PM,false,,2016-11-07,
e0374,11/8/2016,2016 General Election,federal,st38,true,,,,08:00 AM - 04:30 PM,false,,2016-11-07,
e0375,11/8/2016,2016 General Election,federal,st38,true,,,,08:00 AM - 04:30 PM,false,,2016-11-07,
e0376,11/8/2016,2016 General Election,federal,st38,true,,,,08:00 AM - 04:30 PM,false,,2016-11-07,
e0377,11/8/2016,2016 General Election,federal,st38,true,,,,08:00 AM - 04:30 PM,false,,2016-11-07,
e0378,11/8/2016,2016 General Election,federal,st38,true,,,,08:00 AM - 04:30 PM,false,,2016-11-07,
e0379,11/8/2016,2016 General Election,federal,st38,true,,,,08:00 AM - 04:30 PM,false,,2016-11-07,
e0380,11/8/2016,2016 General Election,federal,st38,true,,,,08:00 AM - 04:30 PM,false,,2016-11-07,
e0381,11/8/2016,2016 General Election,federal,st38,true,,,,08:30 AM - 05:00 PM,false,,2016-11-07,
e0382,11/8/2016,2016 General Election,federal,st38,true,,,,08:30 AM - 05:00 PM,false,,2016-11-07,
e0383,11/8/2016,2016 General Election,federal,st38,true,,,,08:30 AM - 05:00 PM,false,,2016-11-07,
e0384,11/8/2016,2016 General Election,federal,st38,true,,,,08:30 AM - 05:00 PM,false,,2016-11-07,
e0385,11/8/2016,2016 General Election,federal,st38,true,,,,08:30 AM - 05:00 PM,false,,2016-11-07,
e0386,11/8/2016,2016 General Election,federal,st38,true,,,,08:30 AM - 05:00 PM,false,,2016-11-07,
e0387,11/8/2016,2016 General Election,federal,st38,true,,,,08:30 AM - 05:00 PM,false,,2016-11-07,
e0388,11/8/2016,2016 General Election,federal,st38,true,,,,08:30 AM - 05:00 PM,false,,2016-11-07,
e0389,11/8/2016,2016 General Election,federal,st38,true,,,,08:30 AM - 05:00 PM,false,,2016-11-07,
e0390,11/8/2016,2016 General Election,federal,st38,true,,,,08:30 AM - 05:00 PM,false,,2016-11-07,
e0391,11/8/2016,2016 General Election,federal,st38,true,,,,08:30 AM - 05:00 PM,false,,2016-11-07,
e0392,11/8/2016,2016 General Election,federal,st38,true,,,,08:30 AM - 05:00 PM,false,,2016-11-07,
e0393,11/8/2016,2016 General Election,federal,st38,true,,,,08:30 AM - 05:00 PM,false,,2016-11-07,
e0394,11/8/2016,2016 General Election,federal,st38,true,,,,08:30 AM - 05:00 PM,false,,2016-11-07,
e0395,11/8/2016,2016 General Election,federal,st38,true,,,,09:00 AM - 04:30 PM,false,,2016-11-07,
e0396,11/8/2016,2016 General Election,federal,st38,true,,,,09:00 AM - 04:30 PM,false,,2016-11-07,
e0397,11/8/2016,2016 General Election,federal,st38,true,,,,09:00 AM - 04:30 PM,false,,2016-11-07,
e0398,11/8/2016,2016 General Election,federal,st38,true,,,,09:00 AM - 04:30 PM,false,,2016-11-07,
e0399,11/8/2016,2016 General Election,federal,st38,true,,,,09:00 AM - 04:30 PM,false,,2016-11-07,
e0400,11/8/2016,2016 General Election,federal,st38,true,,,,09:00 AM - 04:30 PM,false,,2016-11-07,
e0401,11/8/2016,2016 General Election,federal,st38,true,,,,09:00 AM - 04:30 PM,false,,2016-11-07,
e0402,11/8/2016,2016 General Election,federal,st38,true,,,,08:00 AM - 05:00 PM,false,,2016-11-07,
e0403,11/8/2016,2016 General Election,federal,st38,true,,,,08:00 AM - 05:00 PM,false,,2016-11-07,
e0404,11/8/2016,2016 General Election,federal,st38,true,,,,08:00 AM - 05:00 PM,false,,2016-11-07,
e0405,11/8/2016,2016 General Election,federal,st38,true,,,,08:00 AM - 05:00 PM,false,,2016-11-07,
e0406,11/8/2016,2016 General Election,federal,st38,true,,,,08:00 AM - 05:00 PM,false,,2016-11-07,
e0407,11/8/2016,2016 General Election,federal,st38,true,,,,08:00 AM - 05:00 PM,false,,2016-11-07,
e0408,11/8/2016,2016 General Election,federal,st38,true,,,,08:00 AM - 05:00 PM,false,,2016-11-07,
e0409,11/8/2016,2016 General Election,federal,st38,true,,,,08:30 AM - 04:30 PM,false,,2016-11-07,
e0410,11/8/2016,2016 General Election,federal,st38,true,,,,08:30 AM - 04:30 PM,false,,2016-11-07,
e0411,11/8/2016,2016 General Election,federal,st38,true,,,,08:30 AM - 04:30 PM,false,,2016-11-07,
e0412,11/8/2016,2016 General Election,federal,st38,true,,,,08:30 AM - 04:30 PM,false,,2016-11-07,
e0413,11/8/2016,2016 General Election,federal,st38,true,,,,08:30 AM - 04:30 PM,false,,2016-11-07,
e0414,11/8/2016,2016 General Election,federal,st38,true,,,,08:30 AM - 04:30 PM,false,,2016-11-07,
e0415,11/8/2016,2016 General Election,federal,st38,true,,,,08:30 AM - 04:30 PM,false,,2016-11-07,
e0416,11/8/2016,2016 General Election,federal,st38,true,,,,09:00 AM - 05:00 PM,false,,2016-11-07,
e0417,11/8/2016,2016 General Election,federal,st38,true,,,,12:30 PM - 04:30 PM,false,,2016-11-07,
e0418,11/8/2016,2016 General Election,federal,st38,true,,,,09:00 AM - 12:00 PM,false,,2016-11-07,
e0419,11/8/2016,2016 General Election,federal,st38,true,,,,12:30 PM - 04:30 PM,false,,2016-11-07,
e0420,11/8/2016,2016 General Election,federal,st38,true,,,,09:00 AM - 12:00 PM,false,,2016-11-07,
e0421,11/8/2016,2016 General Election,federal,st38,true,,,,12:30 PM - 04:30 PM,false,,2016-11-07,
e0422,11/8/2016,2016 General Election,federal,st38,true,,,,09:00 AM - 12:00 PM,false,,2016-11-07,
e0423,11/8/2016,2016 General Election,federal,st38,true,,,,12:30 PM - 04:30 PM,false,,2016-11-07,
e0424,11/8/2016,2016 General Election,federal,st38,true,,,,09:00 AM - 12:00 PM,false,,2016-11-07,
e0425,11/8/2016,2016 General Election,federal,st38,true,,,,12:30 PM - 04:30 PM,false,,2016-11-07,
e0426,11/8/2016,2016 General Election,federal,st38,true,,,,09:00 AM - 12:00 PM,false,,2016-11-07,
e0427,11/8/2016,2016 General Election,federal,st38,true,,,,12:30 PM - 04:30 PM,false,,2016-11-07,
e0428,11/8/2016,2016 General Election,federal,st38,true,,,,09:00 AM - 12:00 PM,false,,2016-11-07,
e0429,11/8/2016,2016 General Election,federal,st38,true,,,,12:30 PM - 04:30 PM,false,,2016-11-07,
e0430,11/8/2016,2016 General Election,federal,st38,true,,,,08:00 AM - 04:00 PM,false,,2016-11-07,
e0431,11/8/2016,2016 General Election,federal,st38,true,,,,08:00 AM - 04:00 PM,false,,2016-11-07,
e0432,11/8/2016,2016 General Election,federal,st38,true,,,,08:00 AM - 04:00 PM,false,,2016-11-07,
e0433,11/8/2016,2016 General Election,federal,st38,true,,,,08:00 AM - 04:00 PM,false,,2016-11-07,
e0434,11/8/2016,2016 General Election,federal,st38,true,,,,08:00 AM - 04:00 PM,false,,2016-11-07,
e0435,11/8/2016,2016 General Election,federal,st38,true,,,,08:00 AM - 04:00 PM,false,,2016-11-07,
e0436,11/8/2016,2016 General Election,federal,st38,true,,,,08:00 AM - 04:00 PM,false,,2016-11-07,
e0437,11/8/2016,2016 General Election,federal,st38,true,,,,08:00 AM - 04:00 PM,false,,2016-11-07,
e0438,11/8/2016,2016 General Election,federal,st38,true,,,,08:00 AM - 04:00 PM,false,,2016-11-07,
e0439,11/8/2016,2016 General Election,federal,st38,true,,,,08:00 AM - 04:00 PM,false,,2016-11-07,
e0440,11/8/2016,2016 General Election,federal,st38,true,,,,08:00 AM - 04:00 PM,false,,2016-11-07,
e0441,11/8/2016,2016 General Election,federal,st38,true,,,,08:00 AM - 04:00 PM,false,,2016-11-07,
e0442,11/8/2016,2016 General Election,federal,st38,true,,,,08:00 AM - 04:00 PM,false,,2016-11-07,
e0443,11/8/2016,2016 General Election,federal,st38,true,,,,08:00 AM - 04:00 PM,false,,2016-11-07,
e0444,11/8/2016,2016 General Election,federal,st38,true,,,,08:30 AM - 04:30 PM,false,,2016-11-07,
e0445,11/8/2016,2016 General Election,federal,st38,true,,,,08:30 AM - 04:30 PM,false,,2016-11-07,
e0446,11/8/2016,2016 General Election,federal,st38,true,,,,08:30 AM - 04:30 PM,false,,2016-11-07,
e0447,11/8/2016,2016 General Election,federal,st38,true,,,,08:30 AM - 04:30 PM,false,,2016-11-07,
e0448,11/8/2016,2016 General Election,federal,st38,true,,,,08:30 AM - 04:30 PM,false,,2016-11-07,
e0449,11/8/2016,2016 General Election,federal,st38,true,,,,08:30 AM - 04:30 PM,false,,2016-11-07,
e0450,11/8/2016,2016 General Election,federal,st38,true,,,,08:30 AM - 04:30 PM,false,,2016-11-07,
e0451,11/8/2016,2016 General Election,federal,st38,true,,,,08:00 AM - 05:00 PM,false,,2016-11-07,
e0452,11/8/2016,2016 General Election,federal,st38,true,,,,08:00 AM - 12:00 PM,false,,2016-11-07,
e0453,11/8/2016,2016 General Election,federal,st38,true,,,,08:00 AM - 05:00 PM,false,,2016-11-07,
e0454,11/8/2016,2016 General Election,federal,st38,true,,,,08:00 AM - 12:00 PM,false,,2016-11-07,
e0455,11/8/2016,2016 General Election,federal,st38,true,,,,08:00 AM - 05:00 PM,false,,2016-11-07,
e0456,11/8/2016,2016 General Election,federal,st38,true,,,,08:00 AM - 12:00 PM,false,,2016-11-07,
e0457,11/8/2016,2016 General Election,federal,st38,true,,,,08:00 AM - 05:00 PM,false,,2016-11-07,
e0458,11/8/2016,2016 General Election,federal,st38,true,,,,08:00 AM - 12:00 PM,false,,2016-11-07,
e0459,11/8/2016,2016 General Election,federal,st38,true,,,,08:00 AM - 05:00 PM,false,,2016-11-07,
e0460,11/8/2016,2016 General Election,federal,st38,true,,,,08:00 AM - 12:00 PM,false,,2016-11-07,
e0461,11/8/2016,2016 General Election,federal,st38,true,,,,08:00 AM - 05:00 PM,false,,2016-11-07,
e0462,11/8/2016,2016 General Election,federal,st38,true,,,,08:00 AM - 12:00 PM,false,,2016-11-07,
e0463,11/8/2016,2016 General Election,federal,st38,true,,,,08:00 AM - 05:00 PM,false,,2016-11-07,
e0464,11/8/2016,2016 General Election,federal,st38,true,,,,08:00 AM - 04:30 PM,false,,2016-11-07,
e0465,11/8/2016,2016 General Election,federal,st38,true,,,,08:00 AM - 04:30 PM,false,,2016-11-07,
e0466,11/8/2016,2016 General Election,federal,st38,true,,,,08:00 AM - 04:30 PM,false,,2016-11-07,
e0467,11/8/2016,2016 General Election,federal,st38,true,,,,08:00 AM - 04:30 PM,false,,2016-11-07,
e0468,11/8/2016,2016 General Election,federal,st38,true,,,,08:00 AM - 04:30 PM,false,,2016-11-07,
e0469,11/8/2016,2016 General Election,federal,st38,true,,,,08:00 AM - 04:30 PM,false,,2016-11-07,
e0470,11/8/2016,2016 General Election,federal,st38,true,,,,08:00 AM - 04:30 PM,false,,2016-11-07,
e0471,11/8/2016,2016 General Election,federal,st38,true,,,,08:00 AM - 05:00 PM,false,,2016-11-07,
e0472,11/8/2016,2016 General Election,federal,st38,true,,,,08:00 AM - 05:00 PM,false,,2016-11-07,
e0473,11/8/2016,2016 General Election,federal,st38,true,,,,08:00 AM - 05:00 PM,false,,2016-11-07,
e0474,11/8/2016,2016 General Election,federal,st38,true,,,,08:00 AM - 05:00 PM,false,,2016-11-07,
e0475,11/8/2016,2016 General Election,federal,st38,true,,,,08:00 AM - 05:00 PM,false,,2016-11-07,
e0476,11/8/2016,2016 General Election,federal,st38,true,,,,08:00 AM - 05:00 PM,false,,2016-11-07,
e0477,11/8/2016,2016 General Election,federal,st38,true,,,,08:00 AM - 05:00 PM,false,,2016-11-07,
e0478,11/8/2016,2016 General Election,federal,st38,true,,,,08:30 AM - 05:30 PM,false,,2016-11-07,
e0479,11/8/2016,2016 General Election,federal,st38,true,,,,08:30 AM - 05:30 PM,false,,2016-11-07,
e0480,11/8/2016,2016 General Election,federal,st38,true,,,,08:30 AM - 05:30 PM,false,,2016-11-07,
e0481,11/8/2016,2016 General Election,federal,st38,true,,,,08:30 AM - 05:30 PM,false,,2016-11-07,
e0482,11/8/2016,2016 General Election,federal,st38,true,,,,08:30 AM - 05:30 PM,false,,2016-11-07,
e0483,11/8/2016,2016 General Election,federal,st38,true,,,,08:30 AM - 05:30 PM,false,,2016-11-07,
e0484,11/8/2016,2016 General Election,federal,st38,true,,,,08:30 AM - 05:30 PM,false,,2016-11-07,
e0485,11/8/2016,2016 General Election,federal,st38,true,,,,08:00 AM - 04:30 PM,false,,2016-11-07,
e0486,11/8/2016,2016 General Election,federal,st38,true,,,,08:00 AM - 04:30 PM,false,,2016-11-07,
e0487,11/8/2016,2016 General Election,federal,st38,true,,,,08:00 AM - 04:30 PM,false,,2016-11-07,
e0488,11/8/2016,2016 General Election,federal,st38,true,,,,08:00 AM - 04:30 PM,false,,2016-11-07,
e0489,11/8/2016,2016 General Election,federal,st38,true,,,,08:00 AM - 04:30 PM,false,,2016-11-07,
e0490,11/8/2016,2016 General Election,federal,st38,true,,,,08:00 AM - 04:30 PM,false,,2016-11-07,
e0491,11/8/2016,2016 General Election,federal,st38,true,,,,08:00 AM - 04:30 PM,false,,2016-11-07,
e0492,11/8/2016,2016 General Election,federal,st38,true,,,,08:00 AM - 05:00 PM,false,,2016-11-07,
e0493,11/8/2016,2016 General Election,federal,st38,true,,,,12:30 PM - 04:30 PM,false,,2016-11-07,
e0494,11/8/2016,2016 General Election,federal,st38,true,,,,08:00 AM - 12:00 PM,false,,2016-11-07,
e0495,11/8/2016,2016 General Election,federal,st38,true,,,,12:30 PM - 04:30 PM,false,,2016-11-07,
e0496,11/8/2016,2016 General Election,federal,st38,true,,,,08:00 AM - 12:00 PM,false,,2016-11-07,
e0497,11/8/2016,2016 General Election,federal,st38,true,,,,12:30 PM - 04:30 PM,false,,2016-11-07,
e0498,11/8/2016,2016 General Election,federal,st38,true,,,,08:00 AM - 12:00 PM,false,,2016-11-07,
e0499,11/8/2016,2016 General Election,federal,st38,true,,,,12:30 PM - 04:30 PM,false,,2016-11-07,
e0500,11/8/2016,2016 General Election,federal,st38,true,,,,08:00 AM - 12:00 PM,false,,2016-11-07,
e0501,11/8/2016,2016 General Election,federal,st38,true,,,,12:30 PM - 04:30 PM,false,,2016-11-07,
e0502,11/8/2016,2016 General Election,federal,st38,true,,,,08:00 AM - 12:00 PM,false,,2016-11-07,
e0503,11/8/2016,2016 General Election,federal,st38,true,,,,12:30 PM - 04:30 PM,false,,2016-11-07,
e0504,11/8/2016,2016 General Election,federal,st38,true,,,,08:00 AM - 12:00 PM,false,,2016-11-07,
e0505,11/8/2016,2016 General Election,federal,st38,true,,,,12:30 PM - 04:30 PM,false,,2016-11-07,
e0506,11/8/2016,2016 General Election,federal,st38,true,,,,08:00 AM - 04:30 PM,false,,2016-11-07,
e0507,11/8/2016,2016 General Election,federal,st38,true,,,,08:00 AM - 04:30 PM,false,,2016-11-07,
e0508,11/8/2016,2016 General Election,federal,st38,true,,,,08:00 AM - 04:30 PM,false,,2016-11-07,
e0509,11/8/2016,2016 General Election,federal,st38,true,,,,08:00 AM - 04:30 PM,false,,2016-11-07,
e0510,11/8/2016,2016 General Election,federal,st38,true,,,,08:00 AM - 04:30 PM,false,,2016-11-07,
e0511,11/8/2016,2016 General Election,federal,st38,true,,,,08:00 AM - 04:30 PM,false,,2016-11-07,
e0512,11/8/2016,2016 General Election,federal,st38,true,,,,10:00 AM - 06:00 PM,false,,2016-11-07,
e0513,11/8/2016,2016 General Election,federal,st38,true,,,,08:00 AM - 04:30 PM,false,,2016-11-07,
e0514,11/8/2016,2016 General Election,federal,st38,true,,,,08:00 AM - 04:00 PM,false,,2016-11-07,
e0515,11/8/2016,2016 General Election,federal,st38,true,,,,08:00 AM - 04:00 PM,false,,2016-11-07,
e0516,11/8/2016,2016 General Election,federal,st38,true,,,,08:00 AM - 04:00 PM,false,,2016-11-07,
e0517,11/8/2016,2016 General Election,federal,st38,true,,,,08:00 AM - 04:00 PM,false,,2016-11-07,
e0518,11/8/2016,2016 General Election,federal,st38,true,,,,08:00 AM - 04:00 PM,false,,2016-11-07,
e0519,11/8/2016,2016 General Election,federal,st38,true,,,,08:00 AM - 04:00 PM,false,,2016-11-07,
e0520,11/8/2016,2016 General Election,federal,st38,true,,,,08:00 AM - 04:00 PM,false,,2016-11-07,
e0521,11/8/2016,2016 General Election,federal,st38,true,,,,08:00 AM - 05:00 PM,false,,2016-11-07,
e0522,11/8/2016,2016 General Election,federal,st38,true,,,,08:00 AM - 05:00 PM,false,,2016-11-07,
e0523,11/8/2016,2016 General Election,federal,st38,true,,,,08:00 AM - 05:00 PM,false,,2016-11-07,
e0524,11/8/2016,2016 General Election,federal,st38,true,,,,08:00 AM - 05:00 PM,false,,2016-11-07,
e0525,11/8/2016,2016 General Election,federal,st38,true,,,,08:00 AM - 05:00 PM,false,,2016-11-07,
e0526,11/8/2016,2016 General Election,federal,st38,true,,,,08:00 AM - 05:00 PM,false,,2016-11-07,
e0527,11/8/2016,2016 General Election,federal,st38,true,,,,08:00 AM - 05:00 PM,false,,2016-11-07,
