office-name,official-title,types,ocd-division,division-description,homepage-url,phone,email,Directions,precinct,Address 2,city,state,zip,start_time,end_time,notes
Pima County,County Recorder,":election,:registration",ocd-division/country:us/state:az/county:pima,Pima County AZ,http://www.recorder.Pima.gov/,"(520) 724-4330, 520-724-6830",recorder@recorder.pima.gov,AJO FEDERATED CHURCH,Pima 001,101 W LOMITA AVENUE,Tucson,AZ,85321,06:00:00 - 07:00,19:00:00 - 07:00,
Pima County,County Recorder,":election,:registration",ocd-division/country:us/state:az/county:pima,Pima County AZ,http://www.recorder.Pima.gov/,"(520) 724-4330, 520-724-6830",recorder@recorder.pima.gov,"WHY DOMESTIC WATER IMPROVEMENT DISTRICT, HIGHWAY 85 SOUTH",Pima 002,341 S SONOITA WAY,Tucson,AZ,85321,06:00:00 - 07:00,19:00:00 - 07:00,
Pima County,County Recorder,":election,:registration",ocd-division/country:us/state:az/county:pima,Pima County AZ,http://www.recorder.Pima.gov/,"(520) 724-4330, 520-724-6830",recorder@recorder.pima.gov,SCHUK TOAK DISTRICT OFFICE,Pima 003,"HIGHWAY 86, MILE POST 126.5",Tucson,AZ,85653,06:00:00 - 07:00,19:00:00 - 07:00,
Pima County,County Recorder,":election,:registration",ocd-division/country:us/state:az/county:pima,Pima County AZ,http://www.recorder.Pima.gov/,"(520) 724-4330, 520-724-6830",recorder@recorder.pima.gov,SELLS DISTRICT OFFICE,Pima 004,ARIZONA HIGHWAY 86 AND MILE POST 112,Tucson,AZ,85653,06:00:00 - 07:00,19:00:00 - 07:00,
Pima County,County Recorder,":election,:registration",ocd-division/country:us/state:az/county:pima,Pima County AZ,http://www.recorder.Pima.gov/,"(520) 724-4330, 520-724-6830",recorder@recorder.pima.gov,MUSD - ROADRUNNER ELEMENTARY SCHOOL,Pima 005,16651 W CALLE CARMELA,Tucson,AZ,85653,06:00:00 - 07:00,19:00:00 - 07:00,
Pima County,County Recorder,":election,:registration",ocd-division/country:us/state:az/county:pima,Pima County AZ,http://www.recorder.Pima.gov/,"(520) 724-4330, 520-724-6830",recorder@recorder.pima.gov,TOWN OF MARANA PARKS & RECREATION DEPARTMENT,Pima 006,13251 N LON ADAMS ROAD,Tucson,AZ,85653,06:00:00 - 07:00,19:00:00 - 07:00,
Pima County,County Recorder,":election,:registration",ocd-division/country:us/state:az/county:pima,Pima County AZ,http://www.recorder.Pima.gov/,"(520) 724-4330, 520-724-6830",recorder@recorder.pima.gov,ROBLES RANCH COMMUNITY CENTER,Pima 007,16150 W AJO WAY,Tucson,AZ,85735,06:00:00 - 07:00,19:00:00 - 07:00,
Pima County,County Recorder,":election,:registration",ocd-division/country:us/state:az/county:pima,Pima County AZ,http://www.recorder.Pima.gov/,"(520) 724-4330, 520-724-6830",recorder@recorder.pima.gov,ARIVACA OLD SCHOOL BUILDING,Pima 008,17180 W 4TH ST,Tucson,AZ,85705,06:00:00 - 07:00,19:00:00 - 07:00,
Pima County,County Recorder,":election,:registration",ocd-division/country:us/state:az/county:pima,Pima County AZ,http://www.recorder.Pima.gov/,"(520) 724-4330, 520-724-6830",recorder@recorder.pima.gov,MORRIS K UDALL RECREATION CENTER,Pima 009,7200 E TANQUE VERDE ROAD,Tucson,AZ,85715,06:00:00 - 07:00,19:00:00 - 07:00,
Pima County,County Recorder,":election,:registration",ocd-division/country:us/state:az/county:pima,Pima County AZ,http://www.recorder.Pima.gov/,"(520) 724-4330, 520-724-6830",recorder@recorder.pima.gov,EAST SOCIAL CENTER,Pima 010,7 S ABREGO DRIVE,Tucson,AZ,85614,06:00:00 - 07:00,19:00:00 - 07:00,
Pima County,County Recorder,":election,:registration",ocd-division/country:us/state:az/county:pima,Pima County AZ,http://www.recorder.Pima.gov/,"(520) 724-4330, 520-724-6830",recorder@recorder.pima.gov,AMERICAN LEGION POST 109,Pima 011,15921 S HOUGHTON ROAD,Tucson,AZ,85641,06:00:00 - 07:00,19:00:00 - 07:00,
Pima County,County Recorder,":election,:registration",ocd-division/country:us/state:az/county:pima,Pima County AZ,http://www.recorder.Pima.gov/,"(520) 724-4330, 520-724-6830",recorder@recorder.pima.gov,HOLIDAY INN EXPRESS ORO VALLEY,Pima 012,11075 N ORACLE ROAD,Tucson,AZ,85737,06:00:00 - 07:00,19:00:00 - 07:00,
Pima County,County Recorder,":election,:registration",ocd-division/country:us/state:az/county:pima,Pima County AZ,http://www.recorder.Pima.gov/,"(520) 724-4330, 520-724-6830",recorder@recorder.pima.gov,ORO VALLEY CHURCH OF THE NAZARENE,Pima 013,500 W CALLE CONCORDIA,Tucson,AZ,85704,06:00:00 - 07:00,19:00:00 - 07:00,
Pima County,County Recorder,":election,:registration",ocd-division/country:us/state:az/county:pima,Pima County AZ,http://www.recorder.Pima.gov/,"(520) 724-4330, 520-724-6830",recorder@recorder.pima.gov,,Pima 014,7800 N SCHISLER DRIVE,Tucson,AZ,85743,06:00:00 - 07:00,19:00:00 - 07:00,
Pima County,County Recorder,":election,:registration",ocd-division/country:us/state:az/county:pima,Pima County AZ,http://www.recorder.Pima.gov/,"(520) 724-4330, 520-724-6830",recorder@recorder.pima.gov,MUSD - THORNYDALE ELEMENTARY SCHOOL,Pima 015,7651 N OLDFATHER ROAD,Tucson,AZ,85741,06:00:00 - 07:00,19:00:00 - 07:00,
Pima County,County Recorder,":election,:registration",ocd-division/country:us/state:az/county:pima,Pima County AZ,http://www.recorder.Pima.gov/,"(520) 724-4330, 520-724-6830",recorder@recorder.pima.gov,CHURCH OF THE PAINTED HILLS,Pima 016,3295 W SPEEDWAY BOULEVARD,Tucson,AZ,85745,06:00:00 - 07:00,19:00:00 - 07:00,
Pima County,County Recorder,":election,:registration",ocd-division/country:us/state:az/county:pima,Pima County AZ,http://www.recorder.Pima.gov/,"(520) 724-4330, 520-724-6830",recorder@recorder.pima.gov,GATES PASS COMMUNITY CHURCH,Pima 017,1895 W SPEEDWAY BOULEVARD,Tucson,AZ,85745,06:00:00 - 07:00,19:00:00 - 07:00,
Pima County,County Recorder,":election,:registration",ocd-division/country:us/state:az/county:pima,Pima County AZ,http://www.recorder.Pima.gov/,"(520) 724-4330, 520-724-6830",recorder@recorder.pima.gov,ST. MARGARET MARY'S CHURCH,Pima 018,801 N GRANDE AVENUE,Tucson,AZ,85745,06:00:00 - 07:00,19:00:00 - 07:00,
Pima County,County Recorder,":election,:registration",ocd-division/country:us/state:az/county:pima,Pima County AZ,http://www.recorder.Pima.gov/,"(520) 724-4330, 520-724-6830",recorder@recorder.pima.gov,LITTLETOWN COMMUNITY CENTER,Pima 019,6465 S CRAYCROFT ROAD,Tucson,AZ,85756,06:00:00 - 07:00,19:00:00 - 07:00,
Pima County,County Recorder,":election,:registration",ocd-division/country:us/state:az/county:pima,Pima County AZ,http://www.recorder.Pima.gov/,"(520) 724-4330, 520-724-6830",recorder@recorder.pima.gov,MISSION BRANCH PUBLIC LIBRARY,Pima 020,3770 S MISSION ROAD,Tucson,AZ,85713,06:00:00 - 07:00,19:00:00 - 07:00,
Pima County,County Recorder,":election,:registration",ocd-division/country:us/state:az/county:pima,Pima County AZ,http://www.recorder.Pima.gov/,"(520) 724-4330, 520-724-6830",recorder@recorder.pima.gov,,Pima 021,5900 W WESTERN WAY CIRCLE,Tucson,AZ,85713,06:00:00 - 07:00,19:00:00 - 07:00,
Pima County,County Recorder,":election,:registration",ocd-division/country:us/state:az/county:pima,Pima County AZ,http://www.recorder.Pima.gov/,"(520) 724-4330, 520-724-6830",recorder@recorder.pima.gov,MOUNTAIN VISTA MOBILE HOME COMMUNITY,Pima 022,4545 S MISSION ROAD,Tucson,AZ,85746,06:00:00 - 07:00,19:00:00 - 07:00,
Pima County,County Recorder,":election,:registration",ocd-division/country:us/state:az/county:pima,Pima County AZ,http://www.recorder.Pima.gov/,"(520) 724-4330, 520-724-6830",recorder@recorder.pima.gov,SOUTHWEST COMMUNITY CENTER,Pima 023,5950 S CARDINAL AVENUE,Tucson,AZ,85746,06:00:00 - 07:00,19:00:00 - 07:00,
Pima County,County Recorder,":election,:registration",ocd-division/country:us/state:az/county:pima,Pima County AZ,http://www.recorder.Pima.gov/,"(520) 724-4330, 520-724-6830",recorder@recorder.pima.gov,CATALINA COMMUNITY CENTER,Pima 024,16562 N ORACLE ROAD,Tucson,AZ,85739,06:00:00 - 07:00,19:00:00 - 07:00,
Pima County,County Recorder,":election,:registration",ocd-division/country:us/state:az/county:pima,Pima County AZ,http://www.recorder.Pima.gov/,"(520) 724-4330, 520-724-6830",recorder@recorder.pima.gov,AMERICAN LEGION SAHUARO POST #68,Pima 025,4724 S 12TH AVENUE,Tucson,AZ,85714,06:00:00 - 07:00,19:00:00 - 07:00,
Pima County,County Recorder,":election,:registration",ocd-division/country:us/state:az/county:pima,Pima County AZ,http://www.recorder.Pima.gov/,"(520) 724-4330, 520-724-6830",recorder@recorder.pima.gov,NEW LIFE CHURCH OF GOD,Pima 026,504 W NEBRASKA STREET,Tucson,AZ,85706,06:00:00 - 07:00,19:00:00 - 07:00,
Pima County,County Recorder,":election,:registration",ocd-division/country:us/state:az/county:pima,Pima County AZ,http://www.recorder.Pima.gov/,"(520) 724-4330, 520-724-6830",recorder@recorder.pima.gov,MT LEMMON COMMUNITY CENTER,Pima 027,12949 N SABINO CANYON PARKWAY,Tucson,AZ,85619,06:00:00 - 07:00,19:00:00 - 07:00,
Pima County,County Recorder,":election,:registration",ocd-division/country:us/state:az/county:pima,Pima County AZ,http://www.recorder.Pima.gov/,"(520) 724-4330, 520-724-6830",recorder@recorder.pima.gov,HOPE UNITED METHODIST CHURCH,Pima 028,6740 S SANTA CLARA AVENUE,Tucson,AZ,85756,06:00:00 - 07:00,19:00:00 - 07:00,
Pima County,County Recorder,":election,:registration",ocd-division/country:us/state:az/county:pima,Pima County AZ,http://www.recorder.Pima.gov/,"(520) 724-4330, 520-724-6830",recorder@recorder.pima.gov,ST. ODILIA CATHOLIC CHURCH,Pima 029,7570 N PASEO DEL NORTE,Tucson,AZ,85704,06:00:00 - 07:00,19:00:00 - 07:00,
Pima County,County Recorder,":election,:registration",ocd-division/country:us/state:az/county:pima,Pima County AZ,http://www.recorder.Pima.gov/,"(520) 724-4330, 520-724-6830",recorder@recorder.pima.gov,LA CIMA MIDDLE SCHOOL,Pima 030,5600 N. LA CANADA DRIVE,Tucson,AZ,85704,06:00:00 - 07:00,19:00:00 - 07:00,
Pima County,County Recorder,":election,:registration",ocd-division/country:us/state:az/county:pima,Pima County AZ,http://www.recorder.Pima.gov/,"(520) 724-4330, 520-724-6830",recorder@recorder.pima.gov,ELLIE TOWNE FLOWING WELLS COMMUNITY CENTER,Pima 031,1660 W RUTHRAUFF ROAD,Tucson,AZ,85705,06:00:00 - 07:00,19:00:00 - 07:00,
Pima County,County Recorder,":election,:registration",ocd-division/country:us/state:az/county:pima,Pima County AZ,http://www.recorder.Pima.gov/,"(520) 724-4330, 520-724-6830",recorder@recorder.pima.gov,ELLIE TOWNE FLOWING WELLS COMMUNITY CENTER,Pima 032,1660 W RUTHRAUFF ROAD,Tucson,AZ,85705,06:00:00 - 07:00,19:00:00 - 07:00,
Pima County,County Recorder,":election,:registration",ocd-division/country:us/state:az/county:pima,Pima County AZ,http://www.recorder.Pima.gov/,"(520) 724-4330, 520-724-6830",recorder@recorder.pima.gov,TUSD - TOLSON ELEMENTARY SCHOOL,Pima 033,1000 S GREASEWOOD ROAD,Tucson,AZ,85745,06:00:00 - 07:00,19:00:00 - 07:00,
Pima County,County Recorder,":election,:registration",ocd-division/country:us/state:az/county:pima,Pima County AZ,http://www.recorder.Pima.gov/,"(520) 724-4330, 520-724-6830",recorder@recorder.pima.gov,CONNECTION POINTE CHURCH,Pima 034,4314 N ROMERO ROAD,Tucson,AZ,85705,06:00:00 - 07:00,19:00:00 - 07:00,
Pima County,County Recorder,":election,:registration",ocd-division/country:us/state:az/county:pima,Pima County AZ,http://www.recorder.Pima.gov/,"(520) 724-4330, 520-724-6830",recorder@recorder.pima.gov,LORD OF GRACE LUTHERAN CHURCH,Pima 035,7250 N CORTARO ROAD,Tucson,AZ,85743,06:00:00 - 07:00,19:00:00 - 07:00,
Pima County,County Recorder,":election,:registration",ocd-division/country:us/state:az/county:pima,Pima County AZ,http://www.recorder.Pima.gov/,"(520) 724-4330, 520-724-6830",recorder@recorder.pima.gov,FLOWING WELLS ASSEMBLY OF GOD CHURCH,Pima 036,3198 N FLOWING WELLS ROAD,Tucson,AZ,85705,06:00:00 - 07:00,19:00:00 - 07:00,
Pima County,County Recorder,":election,:registration",ocd-division/country:us/state:az/county:pima,Pima County AZ,http://www.recorder.Pima.gov/,"(520) 724-4330, 520-724-6830",recorder@recorder.pima.gov,EL RIO NEIGHBORHOOD CENTER/BUILDING E,Pima 037,1390 W SPEEDWAY BOULEVARD,Tucson,AZ,85745,06:00:00 - 07:00,19:00:00 - 07:00,
Pima County,County Recorder,":election,:registration",ocd-division/country:us/state:az/county:pima,Pima County AZ,http://www.recorder.Pima.gov/,"(520) 724-4330, 520-724-6830",recorder@recorder.pima.gov,COMANCHE WELLS MOBILE HOME PARK,Pima 038,775 W ROGER ROAD,Tucson,AZ,85705,06:00:00 - 07:00,19:00:00 - 07:00,
Pima County,County Recorder,":election,:registration",ocd-division/country:us/state:az/county:pima,Pima County AZ,http://www.recorder.Pima.gov/,"(520) 724-4330, 520-724-6830",recorder@recorder.pima.gov,BETHEL BAPTIST CHURCH,Pima 039,11040 E ESCALANTE ROAD,Tucson,AZ,85730,06:00:00 - 07:00,19:00:00 - 07:00,
Pima County,County Recorder,":election,:registration",ocd-division/country:us/state:az/county:pima,Pima County AZ,http://www.recorder.Pima.gov/,"(520) 724-4330, 520-724-6830",recorder@recorder.pima.gov,COUNTRYSIDE COMMUNITY CLUB,Pima 040,9151 N BALD EAGLE AVENUE,Tucson,AZ,85742,06:00:00 - 07:00,19:00:00 - 07:00,
Pima County,County Recorder,":election,:registration",ocd-division/country:us/state:az/county:pima,Pima County AZ,http://www.recorder.Pima.gov/,"(520) 724-4330, 520-724-6830",recorder@recorder.pima.gov,TUCSON MOUNTAIN BAPTIST CHURCH,Pima 041,5757 W AJO HIGHWAY,Tucson,AZ,85735,06:00:00 - 07:00,19:00:00 - 07:00,
Pima County,County Recorder,":election,:registration",ocd-division/country:us/state:az/county:pima,Pima County AZ,http://www.recorder.Pima.gov/,"(520) 724-4330, 520-724-6830",recorder@recorder.pima.gov,DONNA R LIGGINS NEIGHBORHOOD CENTER,Pima 042,2160 N 6TH AVENUE,Tucson,AZ,85705,06:00:00 - 07:00,19:00:00 - 07:00,
Pima County,County Recorder,":election,:registration",ocd-division/country:us/state:az/county:pima,Pima County AZ,http://www.recorder.Pima.gov/,"(520) 724-4330, 520-724-6830",recorder@recorder.pima.gov,PASCUA NEIGHBORHOOD CENTER,Pima 043,785 W SAHUARO STREET,Tucson,AZ,85705,06:00:00 - 07:00,19:00:00 - 07:00,
Pima County,County Recorder,":election,:registration",ocd-division/country:us/state:az/county:pima,Pima County AZ,http://www.recorder.Pima.gov/,"(520) 724-4330, 520-724-6830",recorder@recorder.pima.gov,TRINITY PRESBYTERIAN CHURCH,Pima 044,400 E UNIVERSITY BOULEVARD,Tucson,AZ,85705,06:00:00 - 07:00,19:00:00 - 07:00,
Pima County,County Recorder,":election,:registration",ocd-division/country:us/state:az/county:pima,Pima County AZ,http://www.recorder.Pima.gov/,"(520) 724-4330, 520-724-6830",recorder@recorder.pima.gov,ARMORY PARK CENTER,Pima 045,220 S 5TH AVENUE,Tucson,AZ,85701,06:00:00 - 07:00,19:00:00 - 07:00,
Pima County,County Recorder,":election,:registration",ocd-division/country:us/state:az/county:pima,Pima County AZ,http://www.recorder.Pima.gov/,"(520) 724-4330, 520-724-6830",recorder@recorder.pima.gov,DESERT GARDENS CUMBERLAND PRESBYTERIAN CHURCH,Pima 046,10851 E OLD SPANISH TRAIL,Tucson,AZ,85748,06:00:00 - 07:00,19:00:00 - 07:00,
Pima County,County Recorder,":election,:registration",ocd-division/country:us/state:az/county:pima,Pima County AZ,http://www.recorder.Pima.gov/,"(520) 724-4330, 520-724-6830",recorder@recorder.pima.gov,JOHN VALENZUELA YOUTH CENTER,Pima 047,1550 S 6TH AVENUE,Tucson,AZ,85713,06:00:00 - 07:00,19:00:00 - 07:00,
Pima County,County Recorder,":election,:registration",ocd-division/country:us/state:az/county:pima,Pima County AZ,http://www.recorder.Pima.gov/,"(520) 724-4330, 520-724-6830",recorder@recorder.pima.gov,RADISSON HOTEL AIRPORT,Pima 048,4550 S PALO VERDE ROAD,Tucson,AZ,85714,06:00:00 - 07:00,19:00:00 - 07:00,
Pima County,County Recorder,":election,:registration",ocd-division/country:us/state:az/county:pima,Pima County AZ,http://www.recorder.Pima.gov/,"(520) 724-4330, 520-724-6830",recorder@recorder.pima.gov,VUSD - DESERT SKY MIDDLE SCHOOL,Pima 049,9850 E RANKIN LOOP,Tucson,AZ,85747,06:00:00 - 07:00,19:00:00 - 07:00,
Pima County,County Recorder,":election,:registration",ocd-division/country:us/state:az/county:pima,Pima County AZ,http://www.recorder.Pima.gov/,"(520) 724-4330, 520-724-6830",recorder@recorder.pima.gov,AGAPE CHRISTIAN FELLOWSHIP,Pima 050,5450 S PARK AVENUE,Tucson,AZ,85706,06:00:00 - 07:00,19:00:00 - 07:00,
Pima County,County Recorder,":election,:registration",ocd-division/country:us/state:az/county:pima,Pima County AZ,http://www.recorder.Pima.gov/,"(520) 724-4330, 520-724-6830",recorder@recorder.pima.gov,HOLY TRINITY LUTHERAN CHURCH,Pima 051,5951 S 12TH AVENUE,Tucson,AZ,85706,06:00:00 - 07:00,19:00:00 - 07:00,
Pima County,County Recorder,":election,:registration",ocd-division/country:us/state:az/county:pima,Pima County AZ,http://www.recorder.Pima.gov/,"(520) 724-4330, 520-724-6830",recorder@recorder.pima.gov,VALENCIA BRANCH PUBLIC LIBRARY,Pima 052,202 W VALENCIA ROAD,Tucson,AZ,85706,06:00:00 - 07:00,19:00:00 - 07:00,
Pima County,County Recorder,":election,:registration",ocd-division/country:us/state:az/county:pima,Pima County AZ,http://www.recorder.Pima.gov/,"(520) 724-4330, 520-724-6830",recorder@recorder.pima.gov,SUNNYSIDE SCHOOL DISTRICT ADMINISTRATION OFFICE,Pima 053,2238 E GINTER ROAD,Tucson,AZ,85706,06:00:00 - 07:00,19:00:00 - 07:00,
Pima County,County Recorder,":election,:registration",ocd-division/country:us/state:az/county:pima,Pima County AZ,http://www.recorder.Pima.gov/,"(520) 724-4330, 520-724-6830",recorder@recorder.pima.gov,HILTON GARDEN INN,Pima 054,6575 S. COUNTRY CLUB ROAD,Tucson,AZ,85756,06:00:00 - 07:00,19:00:00 - 07:00,
Pima County,County Recorder,":election,:registration",ocd-division/country:us/state:az/county:pima,Pima County AZ,http://www.recorder.Pima.gov/,"(520) 724-4330, 520-724-6830",recorder@recorder.pima.gov,DOVE OF PEACE LUTHERAN CHURCH,Pima 055,665 W ROLLER COASTER ROAD,Tucson,AZ,85704,06:00:00 - 07:00,19:00:00 - 07:00,
Pima County,County Recorder,":election,:registration",ocd-division/country:us/state:az/county:pima,Pima County AZ,http://www.recorder.Pima.gov/,"(520) 724-4330, 520-724-6830",recorder@recorder.pima.gov,ORANGE GROVE MIDDLE SCHOOL,Pima 056,1911 E ORANGE GROVE ROAD,Tucson,AZ,85718,06:00:00 - 07:00,19:00:00 - 07:00,
Pima County,County Recorder,":election,:registration",ocd-division/country:us/state:az/county:pima,Pima County AZ,http://www.recorder.Pima.gov/,"(520) 724-4330, 520-724-6830",recorder@recorder.pima.gov,MONTE VISTA CHRISTIAN UNION CHURCH,Pima 057,1140 E ROGER ROAD,Tucson,AZ,85719,06:00:00 - 07:00,19:00:00 - 07:00,
Pima County,County Recorder,":election,:registration",ocd-division/country:us/state:az/county:pima,Pima County AZ,http://www.recorder.Pima.gov/,"(520) 724-4330, 520-724-6830",recorder@recorder.pima.gov,ST. DEMETRIOS GREEK ORTHODOX CHURCH,Pima 058,1145 E FORT LOWELL ROAD,Tucson,AZ,85719,06:00:00 - 07:00,19:00:00 - 07:00,
Pima County,County Recorder,":election,:registration",ocd-division/country:us/state:az/county:pima,Pima County AZ,http://www.recorder.Pima.gov/,"(520) 724-4330, 520-724-6830",recorder@recorder.pima.gov,DESERT DOVE CHRISTIAN CHURCH,Pima 059,6163 S MIDVALE PARK ROAD,Tucson,AZ,85746,06:00:00 - 07:00,19:00:00 - 07:00,
Pima County,County Recorder,":election,:registration",ocd-division/country:us/state:az/county:pima,Pima County AZ,http://www.recorder.Pima.gov/,"(520) 724-4330, 520-724-6830",recorder@recorder.pima.gov,ROBLES RANCH COMMUNITY CENTER,Pima 060,16150 W AJO WAY,Tucson,AZ,85735,06:00:00 - 07:00,19:00:00 - 07:00,
Pima County,County Recorder,":election,:registration",ocd-division/country:us/state:az/county:pima,Pima County AZ,http://www.recorder.Pima.gov/,"(520) 724-4330, 520-724-6830",recorder@recorder.pima.gov,UNITY OF TUCSON CHURCH,Pima 061,3617 N CAMINO BLANCO,Tucson,AZ,85718,06:00:00 - 07:00,19:00:00 - 07:00,
Pima County,County Recorder,":election,:registration",ocd-division/country:us/state:az/county:pima,Pima County AZ,http://www.recorder.Pima.gov/,"(520) 724-4330, 520-724-6830",recorder@recorder.pima.gov,FIRST UNITED METHODIST CHURCH,Pima 062,915 E 4TH STREET,Tucson,AZ,85719,06:00:00 - 07:00,19:00:00 - 07:00,
Pima County,County Recorder,":election,:registration",ocd-division/country:us/state:az/county:pima,Pima County AZ,http://www.recorder.Pima.gov/,"(520) 724-4330, 520-724-6830",recorder@recorder.pima.gov,TEMPLE EMANU-EL,Pima 063,225 N COUNTRY CLUB ROAD,Tucson,AZ,85716,06:00:00 - 07:00,19:00:00 - 07:00,
Pima County,County Recorder,":election,:registration",ocd-division/country:us/state:az/county:pima,Pima County AZ,http://www.recorder.Pima.gov/,"(520) 724-4330, 520-724-6830",recorder@recorder.pima.gov,GRACE TEMPLE MISSIONARY BAPTIST CHURCH,Pima 064,1019 E 31ST STREET,Tucson,AZ,85713,06:00:00 - 07:00,19:00:00 - 07:00,
Pima County,County Recorder,":election,:registration",ocd-division/country:us/state:az/county:pima,Pima County AZ,http://www.recorder.Pima.gov/,"(520) 724-4330, 520-724-6830",recorder@recorder.pima.gov,DESERT GARDENS CUMBERLAND PRESBYTERIAN CHURCH,Pima 065,10851 E OLD SPANISH TRAIL,Tucson,AZ,85748,06:00:00 - 07:00,19:00:00 - 07:00,
Pima County,County Recorder,":election,:registration",ocd-division/country:us/state:az/county:pima,Pima County AZ,http://www.recorder.Pima.gov/,"(520) 724-4330, 520-724-6830",recorder@recorder.pima.gov,GIDEON MISSIONARY BAPTIST CHURCH,Pima 066,3085 S CAMPBELL AVENUE,Tucson,AZ,85713,06:00:00 - 07:00,19:00:00 - 07:00,
Pima County,County Recorder,":election,:registration",ocd-division/country:us/state:az/county:pima,Pima County AZ,http://www.recorder.Pima.gov/,"(520) 724-4330, 520-724-6830",recorder@recorder.pima.gov,ST. FRANCES CABRINI CHURCH,Pima 067,3201 E PRESIDIO ROAD,Tucson,AZ,85716,06:00:00 - 07:00,19:00:00 - 07:00,
Pima County,County Recorder,":election,:registration",ocd-division/country:us/state:az/county:pima,Pima County AZ,http://www.recorder.Pima.gov/,"(520) 724-4330, 520-724-6830",recorder@recorder.pima.gov,ST. JAMES UNITED METHODIST CHURCH,Pima 068,3255 N CAMPBELL AVENUE,Tucson,AZ,85719,06:00:00 - 07:00,19:00:00 - 07:00,
Pima County,County Recorder,":election,:registration",ocd-division/country:us/state:az/county:pima,Pima County AZ,http://www.recorder.Pima.gov/,"(520) 724-4330, 520-724-6830",recorder@recorder.pima.gov,GLAD TIDINGS ASSEMBLY OF GOD CHURCH,Pima 069,600 N KOLB ROAD,Tucson,AZ,85710,06:00:00 - 07:00,19:00:00 - 07:00,
Pima County,County Recorder,":election,:registration",ocd-division/country:us/state:az/county:pima,Pima County AZ,http://www.recorder.Pima.gov/,"(520) 724-4330, 520-724-6830",recorder@recorder.pima.gov,PICTURE ROCKS COMMUNITY CENTER,Pima 070,5615 N SANDERS ROAD,Tucson,AZ,85743,06:00:00 - 07:00,19:00:00 - 07:00,
Pima County,County Recorder,":election,:registration",ocd-division/country:us/state:az/county:pima,Pima County AZ,http://www.recorder.Pima.gov/,"(520) 724-4330, 520-724-6830",recorder@recorder.pima.gov,CHUKUT KUK DISTRICT,Pima 071,"FEDERAL ROUTE 19, TOPAWA ROAD, VAMORI VILLAGE",Tucson,AZ,85746,06:00:00 - 07:00,19:00:00 - 07:00,
Pima County,County Recorder,":election,:registration",ocd-division/country:us/state:az/county:pima,Pima County AZ,http://www.recorder.Pima.gov/,"(520) 724-4330, 520-724-6830",recorder@recorder.pima.gov,ST. FRANCES CABRINI CHURCH,Pima 072,3201 E PRESIDIO ROAD,Tucson,AZ,85716,06:00:00 - 07:00,19:00:00 - 07:00,
Pima County,County Recorder,":election,:registration",ocd-division/country:us/state:az/county:pima,Pima County AZ,http://www.recorder.Pima.gov/,"(520) 724-4330, 520-724-6830",recorder@recorder.pima.gov,GRACE ST. PAUL'S EPISCOPAL CHURCH,Pima 073,2331 E ADAMS STREET,Tucson,AZ,85719,06:00:00 - 07:00,19:00:00 - 07:00,
Pima County,County Recorder,":election,:registration",ocd-division/country:us/state:az/county:pima,Pima County AZ,http://www.recorder.Pima.gov/,"(520) 724-4330, 520-724-6830",recorder@recorder.pima.gov,DESERT HILLS SOCIAL CENTER,Pima 074,2980 S CAMINO DEL SOL,Tucson,AZ,85622,06:00:00 - 07:00,19:00:00 - 07:00,
Pima County,County Recorder,":election,:registration",ocd-division/country:us/state:az/county:pima,Pima County AZ,http://www.recorder.Pima.gov/,"(520) 724-4330, 520-724-6830",recorder@recorder.pima.gov,EMMANUEL BAPTIST CHURCH,Pima 075,1825 N ALVERNON WAY,Tucson,AZ,85712,06:00:00 - 07:00,19:00:00 - 07:00,
Pima County,County Recorder,":election,:registration",ocd-division/country:us/state:az/county:pima,Pima County AZ,http://www.recorder.Pima.gov/,"(520) 724-4330, 520-724-6830",recorder@recorder.pima.gov,BABOQUIVARI DISTRICT OFFICE,Pima 076,FEDERAL ROUTE 19 & FRESNAL CANYON ROAD,Tucson,AZ,85712,06:00:00 - 07:00,19:00:00 - 07:00,
Pima County,County Recorder,":election,:registration",ocd-division/country:us/state:az/county:pima,Pima County AZ,http://www.recorder.Pima.gov/,"(520) 724-4330, 520-724-6830",recorder@recorder.pima.gov,CHURCH OF THE APOSTLES,Pima 077,12111 N LA CHOLLA BOULEVARD,Tucson,AZ,85745,06:00:00 - 07:00,19:00:00 - 07:00,
Pima County,County Recorder,":election,:registration",ocd-division/country:us/state:az/county:pima,Pima County AZ,http://www.recorder.Pima.gov/,"(520) 724-4330, 520-724-6830",recorder@recorder.pima.gov,HIMMEL PARK BRANCH LIBRARY,Pima 078,1035 N TREAT AVENUE,Tucson,AZ,85716,06:00:00 - 07:00,19:00:00 - 07:00,
Pima County,County Recorder,":election,:registration",ocd-division/country:us/state:az/county:pima,Pima County AZ,http://www.recorder.Pima.gov/,"(520) 724-4330, 520-724-6830",recorder@recorder.pima.gov,DESERT SPRINGS BAPTIST CHURCH,Pima 079,10425 N THORNYDALE ROAD,Tucson,AZ,85742,06:00:00 - 07:00,19:00:00 - 07:00,
Pima County,County Recorder,":election,:registration",ocd-division/country:us/state:az/county:pima,Pima County AZ,http://www.recorder.Pima.gov/,"(520) 724-4330, 520-724-6830",recorder@recorder.pima.gov,ST. MARK'S PRESBYTERIAN CHURCH,Pima 080,3809 E 3RD STREET,Tucson,AZ,85716,06:00:00 - 07:00,19:00:00 - 07:00,
Pima County,County Recorder,":election,:registration",ocd-division/country:us/state:az/county:pima,Pima County AZ,http://www.recorder.Pima.gov/,"(520) 724-4330, 520-724-6830",recorder@recorder.pima.gov,UNITARIAN UNIVERSALIST CONGREGATION OF NW TUCSON,Pima 081,3601 W CROMWELL DRIVE,Tucson,AZ,85741,06:00:00 - 07:00,19:00:00 - 07:00,
Pima County,County Recorder,":election,:registration",ocd-division/country:us/state:az/county:pima,Pima County AZ,http://www.recorder.Pima.gov/,"(520) 724-4330, 520-724-6830",recorder@recorder.pima.gov,SABBAR SHRINE TEMPLE,Pima 082,450 S TUCSON BOULEVARD,Tucson,AZ,85716,06:00:00 - 07:00,19:00:00 - 07:00,
Pima County,County Recorder,":election,:registration",ocd-division/country:us/state:az/county:pima,Pima County AZ,http://www.recorder.Pima.gov/,"(520) 724-4330, 520-724-6830",recorder@recorder.pima.gov,THE GOOD SHEPHERD UNITED CHURCH,Pima 083,17750 S LA CANADA DRIVE,Tucson,AZ,85629,06:00:00 - 07:00,19:00:00 - 07:00,
Pima County,County Recorder,":election,:registration",ocd-division/country:us/state:az/county:pima,Pima County AZ,http://www.recorder.Pima.gov/,"(520) 724-4330, 520-724-6830",recorder@recorder.pima.gov,QUAIL CREEK MADERA CLUBHOUSE,Pima 084,2055 E QUAIL CROSSING BOULEVARD,Tucson,AZ,85614,06:00:00 - 07:00,19:00:00 - 07:00,
Pima County,County Recorder,":election,:registration",ocd-division/country:us/state:az/county:pima,Pima County AZ,http://www.recorder.Pima.gov/,"(520) 724-4330, 520-724-6830",recorder@recorder.pima.gov,TUCSON CHINESE CULTURAL CENTER,Pima 085,1288 W RIVER ROAD,Tucson,AZ,85704,06:00:00 - 07:00,19:00:00 - 07:00,
Pima County,County Recorder,":election,:registration",ocd-division/country:us/state:az/county:pima,Pima County AZ,http://www.recorder.Pima.gov/,"(520) 724-4330, 520-724-6830",recorder@recorder.pima.gov,PASSION CHURCH,Pima 086,1212 S PALO VERDE AVENUE,Tucson,AZ,85713,06:00:00 - 07:00,19:00:00 - 07:00,
Pima County,County Recorder,":election,:registration",ocd-division/country:us/state:az/county:pima,Pima County AZ,http://www.recorder.Pima.gov/,"(520) 724-4330, 520-724-6830",recorder@recorder.pima.gov,FRIENDLY VILLAGE OF THE CATALINAS,Pima 087,101 W RIVER ROAD,Tucson,AZ,85704,06:00:00 - 07:00,19:00:00 - 07:00,
Pima County,County Recorder,":election,:registration",ocd-division/country:us/state:az/county:pima,Pima County AZ,http://www.recorder.Pima.gov/,"(520) 724-4330, 520-724-6830",recorder@recorder.pima.gov,SUNRISE DRIVE ELEMENTARY,Pima 088,3617 N CAMINO BLANCO,Tucson,AZ,85718,06:00:00 - 07:00,19:00:00 - 07:00,
Pima County,County Recorder,":election,:registration",ocd-division/country:us/state:az/county:pima,Pima County AZ,http://www.recorder.Pima.gov/,"(520) 724-4330, 520-724-6830",recorder@recorder.pima.gov,LIGHTHOUSE - CITY YMCA,Pima 089,2900 N COLUMBUS BOULEVARD,Tucson,AZ,85712,06:00:00 - 07:00,19:00:00 - 07:00,
Pima County,County Recorder,":election,:registration",ocd-division/country:us/state:az/county:pima,Pima County AZ,http://www.recorder.Pima.gov/,"(520) 724-4330, 520-724-6830",recorder@recorder.pima.gov,VUSD - COTTONWOOD ELEMENTARY SCHOOL,Pima 090,9950 E REES LOOP,Tucson,AZ,85747,06:00:00 - 07:00,19:00:00 - 07:00,
Pima County,County Recorder,":election,:registration",ocd-division/country:us/state:az/county:pima,Pima County AZ,http://www.recorder.Pima.gov/,"(520) 724-4330, 520-724-6830",recorder@recorder.pima.gov,LIVING FAITH CHRISTIAN CENTER,Pima 091,4108 E NORTH STREET,Tucson,AZ,85712,06:00:00 - 07:00,19:00:00 - 07:00,
Pima County,County Recorder,":election,:registration",ocd-division/country:us/state:az/county:pima,Pima County AZ,http://www.recorder.Pima.gov/,"(520) 724-4330, 520-724-6830",recorder@recorder.pima.gov,ACCELERATED ELEMENTARY & SECONDARY SCHOOLS,Pima 092,5245 N CAMINO DE OESTE,Tucson,AZ,85745,06:00:00 - 07:00,19:00:00 - 07:00,
Pima County,County Recorder,":election,:registration",ocd-division/country:us/state:az/county:pima,Pima County AZ,http://www.recorder.Pima.gov/,"(520) 724-4330, 520-724-6830",recorder@recorder.pima.gov,MARTHA COOPER LIBRARY,Pima 093,1377 N CATALINA AVENUE,Tucson,AZ,85712,06:00:00 - 07:00,19:00:00 - 07:00,
Pima County,County Recorder,":election,:registration",ocd-division/country:us/state:az/county:pima,Pima County AZ,http://www.recorder.Pima.gov/,"(520) 724-4330, 520-724-6830",recorder@recorder.pima.gov,FIRST BRETHREN CHURCH OF TUCSON,Pima 094,201 N COLUMBUS BOULEVARD,Tucson,AZ,85711,06:00:00 - 07:00,19:00:00 - 07:00,
Pima County,County Recorder,":election,:registration",ocd-division/country:us/state:az/county:pima,Pima County AZ,http://www.recorder.Pima.gov/,"(520) 724-4330, 520-724-6830",recorder@recorder.pima.gov,VUSD - MESQUITE ELEMENTARY SCHOOL,Pima 095,9455 E RITA ROAD,Tucson,AZ,85747,06:00:00 - 07:00,19:00:00 - 07:00,
Pima County,County Recorder,":election,:registration",ocd-division/country:us/state:az/county:pima,Pima County AZ,http://www.recorder.Pima.gov/,"(520) 724-4330, 520-724-6830",recorder@recorder.pima.gov,CENTRAL CHURCH OF THE NAZARENE,Pima 096,404 S COLUMBUS BOULEVARD,Tucson,AZ,85711,06:00:00 - 07:00,19:00:00 - 07:00,
Pima County,County Recorder,":election,:registration",ocd-division/country:us/state:az/county:pima,Pima County AZ,http://www.recorder.Pima.gov/,"(520) 724-4330, 520-724-6830",recorder@recorder.pima.gov,MOST HOLY TRINITY PARISH,Pima 097,1300 N GREASEWOOD ROAD,Tucson,AZ,85745,06:00:00 - 07:00,19:00:00 - 07:00,
Pima County,County Recorder,":election,:registration",ocd-division/country:us/state:az/county:pima,Pima County AZ,http://www.recorder.Pima.gov/,"(520) 724-4330, 520-724-6830",recorder@recorder.pima.gov,ECKSTROM-COLUMBUS LIBRARY,Pima 098,4350 E 22ND STREET,Tucson,AZ,85711,06:00:00 - 07:00,19:00:00 - 07:00,
Pima County,County Recorder,":election,:registration",ocd-division/country:us/state:az/county:pima,Pima County AZ,http://www.recorder.Pima.gov/,"(520) 724-4330, 520-724-6830",recorder@recorder.pima.gov,FAITH TABERNACLE CHURCH,Pima 099,5011 E FT LOWELL ROAD,Tucson,AZ,85712,06:00:00 - 07:00,19:00:00 - 07:00,
Pima County,County Recorder,":election,:registration",ocd-division/country:us/state:az/county:pima,Pima County AZ,http://www.recorder.Pima.gov/,"(520) 724-4330, 520-724-6830",recorder@recorder.pima.gov,STREAMS IN THE DESERT LUTHERAN CHURCH,Pima 100,5360 E PIMA STREET,Tucson,AZ,85712,06:00:00 - 07:00,19:00:00 - 07:00,
Pima County,County Recorder,":election,:registration",ocd-division/country:us/state:az/county:pima,Pima County AZ,http://www.recorder.Pima.gov/,"(520) 724-4330, 520-724-6830",recorder@recorder.pima.gov,COPPER CREST ADULT COMMUNITY CENTER,Pima 101,7700 W BOPP ROAD,Tucson,AZ,85735,06:00:00 - 07:00,19:00:00 - 07:00,
Pima County,County Recorder,":election,:registration",ocd-division/country:us/state:az/county:pima,Pima County AZ,http://www.recorder.Pima.gov/,"(520) 724-4330, 520-724-6830",recorder@recorder.pima.gov,TUSD - MALDONADO ELEMENTARY SCHOOL,Pima 102,3535 W MESSALA WAY,Tucson,AZ,85746,06:00:00 - 07:00,19:00:00 - 07:00,
Pima County,County Recorder,":election,:registration",ocd-division/country:us/state:az/county:pima,Pima County AZ,http://www.recorder.Pima.gov/,"(520) 724-4330, 520-724-6830",recorder@recorder.pima.gov,CHRIST CHURCH UNITED METHODIST,Pima 103,655 N CRAYCROFT ROAD,Tucson,AZ,85711,06:00:00 - 07:00,19:00:00 - 07:00,
Pima County,County Recorder,":election,:registration",ocd-division/country:us/state:az/county:pima,Pima County AZ,http://www.recorder.Pima.gov/,"(520) 724-4330, 520-724-6830",recorder@recorder.pima.gov,REDEEMER EVANGELICAL LUTHERAN CHURCH & SCHOOL,Pima 104,8845 N SILVERBELL ROAD,Tucson,AZ,85743,06:00:00 - 07:00,19:00:00 - 07:00,
Pima County,County Recorder,":election,:registration",ocd-division/country:us/state:az/county:pima,Pima County AZ,http://www.recorder.Pima.gov/,"(520) 724-4330, 520-724-6830",recorder@recorder.pima.gov,TUSD - MYERS-GANOUNG ELEMENTARY SCHOOL,Pima 105,5000 E ANDREW STREET,Tucson,AZ,85711,06:00:00 - 07:00,19:00:00 - 07:00,
Pima County,County Recorder,":election,:registration",ocd-division/country:us/state:az/county:pima,Pima County AZ,http://www.recorder.Pima.gov/,"(520) 724-4330, 520-724-6830",recorder@recorder.pima.gov,COMFORT SUITES HOTEL,Pima 106,7007 E TANQUE VERDE ROAD,Tucson,AZ,85715,06:00:00 - 07:00,19:00:00 - 07:00,
Pima County,County Recorder,":election,:registration",ocd-division/country:us/state:az/county:pima,Pima County AZ,http://www.recorder.Pima.gov/,"(520) 724-4330, 520-724-6830",recorder@recorder.pima.gov,TUCSON ARIZONA BOYS CHORUS,Pima 107,5770 E PIMA STREET,Tucson,AZ,85712,06:00:00 - 07:00,19:00:00 - 07:00,
Pima County,County Recorder,":election,:registration",ocd-division/country:us/state:az/county:pima,Pima County AZ,http://www.recorder.Pima.gov/,"(520) 724-4330, 520-724-6830",recorder@recorder.pima.gov,TUCSON WOMAN'S CLUB,Pima 108,6245 E BELLEVUE STREET,Tucson,AZ,85712,06:00:00 - 07:00,19:00:00 - 07:00,
Pima County,County Recorder,":election,:registration",ocd-division/country:us/state:az/county:pima,Pima County AZ,http://www.recorder.Pima.gov/,"(520) 724-4330, 520-724-6830",recorder@recorder.pima.gov,VUSD - CIENEGA HIGH SCHOOL,Pima 109,12775 E MARY ANN CLEVELAND WAY,Tucson,AZ,85641,06:00:00 - 07:00,19:00:00 - 07:00,
Pima County,County Recorder,":election,:registration",ocd-division/country:us/state:az/county:pima,Pima County AZ,http://www.recorder.Pima.gov/,"(520) 724-4330, 520-724-6830",recorder@recorder.pima.gov,PASCUA YAQUI TRIBE COUNCIL CHAMBERS,Pima 110,7474 S CAMINO DE OESTE,Tucson,AZ,85746,06:00:00 - 07:00,19:00:00 - 07:00,
Pima County,County Recorder,":election,:registration",ocd-division/country:us/state:az/county:pima,Pima County AZ,http://www.recorder.Pima.gov/,"(520) 724-4330, 520-724-6830",recorder@recorder.pima.gov,ST. JOSEPH'S ROMAN CATHOLIC CHURCH,Pima 111,215 S CRAYCROFT ROAD,Tucson,AZ,85711,06:00:00 - 07:00,19:00:00 - 07:00,
Pima County,County Recorder,":election,:registration",ocd-division/country:us/state:az/county:pima,Pima County AZ,http://www.recorder.Pima.gov/,"(520) 724-4330, 520-724-6830",recorder@recorder.pima.gov,ESPERERO CANYON MIDDLE SCHOOL,Pima 112,5801 N SABINO CANYON ROAD,Tucson,AZ,85750,06:00:00 - 07:00,19:00:00 - 07:00,
Pima County,County Recorder,":election,:registration",ocd-division/country:us/state:az/county:pima,Pima County AZ,http://www.recorder.Pima.gov/,"(520) 724-4330, 520-724-6830",recorder@recorder.pima.gov,EASTSIDE ASSEMBLY OF GOD CHURCH,Pima 113,1930 S WILMOT ROAD,Tucson,AZ,85711,06:00:00 - 07:00,19:00:00 - 07:00,
Pima County,County Recorder,":election,:registration",ocd-division/country:us/state:az/county:pima,Pima County AZ,http://www.recorder.Pima.gov/,"(520) 724-4330, 520-724-6830",recorder@recorder.pima.gov,UNITARIAN UNIVERSALIST CHURCH,Pima 114,4831 E 22ND STREET,Tucson,AZ,85711,06:00:00 - 07:00,19:00:00 - 07:00,
Pima County,County Recorder,":election,:registration",ocd-division/country:us/state:az/county:pima,Pima County AZ,http://www.recorder.Pima.gov/,"(520) 724-4330, 520-724-6830",recorder@recorder.pima.gov,CONTINENTAL RANCH COMMUNITY CENTER,Pima 115,8877 N COACHLINE BL,Tucson,AZ,85743,06:00:00 - 07:00,19:00:00 - 07:00,
Pima County,County Recorder,":election,:registration",ocd-division/country:us/state:az/county:pima,Pima County AZ,http://www.recorder.Pima.gov/,"(520) 724-4330, 520-724-6830",recorder@recorder.pima.gov,ST. PAUL'S UNITED METHODIST CHURCH,Pima 116,8051 E BROADWAY BOULEVARD,Tucson,AZ,85710,06:00:00 - 07:00,19:00:00 - 07:00,
Pima County,County Recorder,":election,:registration",ocd-division/country:us/state:az/county:pima,Pima County AZ,http://www.recorder.Pima.gov/,"(520) 724-4330, 520-724-6830",recorder@recorder.pima.gov,FELLOWSHIP BIBLE CHURCH,Pima 117,6700 E BROADWAY BOULEVARD,Tucson,AZ,85710,06:00:00 - 07:00,19:00:00 - 07:00,
Pima County,County Recorder,":election,:registration",ocd-division/country:us/state:az/county:pima,Pima County AZ,http://www.recorder.Pima.gov/,"(520) 724-4330, 520-724-6830",recorder@recorder.pima.gov,MORRIS K UDALL RECREATION CENTER,Pima 118,7200 E TANQUE VERDE ROAD,Tucson,AZ,85715,06:00:00 - 07:00,19:00:00 - 07:00,
Pima County,County Recorder,":election,:registration",ocd-division/country:us/state:az/county:pima,Pima County AZ,http://www.recorder.Pima.gov/,"(520) 724-4330, 520-724-6830",recorder@recorder.pima.gov,FOUNTAIN OF LIFE LUTHERAN CHURCH,Pima 119,710 S KOLB ROAD,Tucson,AZ,85710,06:00:00 - 07:00,19:00:00 - 07:00,
Pima County,County Recorder,":election,:registration",ocd-division/country:us/state:az/county:pima,Pima County AZ,http://www.recorder.Pima.gov/,"(520) 724-4330, 520-724-6830",recorder@recorder.pima.gov,ABOUNDING GRACE LUTHERAN CHURCH,Pima 120,2450 S KOLB ROAD,Tucson,AZ,85710,06:00:00 - 07:00,19:00:00 - 07:00,
Pima County,County Recorder,":election,:registration",ocd-division/country:us/state:az/county:pima,Pima County AZ,http://www.recorder.Pima.gov/,"(520) 724-4330, 520-724-6830",recorder@recorder.pima.gov,SUNRISE CHAPEL,Pima 121,8421 E WRIGHTSTOWN ROAD,Tucson,AZ,85715,06:00:00 - 07:00,19:00:00 - 07:00,
Pima County,County Recorder,":election,:registration",ocd-division/country:us/state:az/county:pima,Pima County AZ,http://www.recorder.Pima.gov/,"(520) 724-4330, 520-724-6830",recorder@recorder.pima.gov,22ND STREET BAPTIST CHURCH,Pima 122,6620 E 22ND STREET,Tucson,AZ,85710,06:00:00 - 07:00,19:00:00 - 07:00,
Pima County,County Recorder,":election,:registration",ocd-division/country:us/state:az/county:pima,Pima County AZ,http://www.recorder.Pima.gov/,"(520) 724-4330, 520-724-6830",recorder@recorder.pima.gov,RIVER OF LIFE BAPTIST CHURCH,Pima 123,6902 E GOLF LINKS ROAD,Tucson,AZ,85730,06:00:00 - 07:00,19:00:00 - 07:00,
Pima County,County Recorder,":election,:registration",ocd-division/country:us/state:az/county:pima,Pima County AZ,http://www.recorder.Pima.gov/,"(520) 724-4330, 520-724-6830",recorder@recorder.pima.gov,RIVER OF LIFE BAPTIST CHURCH,Pima 124,6902 E GOLF LINKS ROAD,Tucson,AZ,85730,06:00:00 - 07:00,19:00:00 - 07:00,
Pima County,County Recorder,":election,:registration",ocd-division/country:us/state:az/county:pima,Pima County AZ,http://www.recorder.Pima.gov/,"(520) 724-4330, 520-724-6830",recorder@recorder.pima.gov,SABINO ROAD BAPTIST CHURCH,Pima 125,2710 N SABINO CANYON ROAD,Tucson,AZ,85715,06:00:00 - 07:00,19:00:00 - 07:00,
Pima County,County Recorder,":election,:registration",ocd-division/country:us/state:az/county:pima,Pima County AZ,http://www.recorder.Pima.gov/,"(520) 724-4330, 520-724-6830",recorder@recorder.pima.gov,TANQUE VERDE LUTHERAN CHURCH,Pima 126,8625 E TANQUE VERDE ROAD,Tucson,AZ,85749,06:00:00 - 07:00,19:00:00 - 07:00,
Pima County,County Recorder,":election,:registration",ocd-division/country:us/state:az/county:pima,Pima County AZ,http://www.recorder.Pima.gov/,"(520) 724-4330, 520-724-6830",recorder@recorder.pima.gov,HERITAGE HIGHLANDS COUNTRY CLUB,Pima 127,4949 W HERITAGE CLUB BOULEVARD,Tucson,AZ,85658,06:00:00 - 07:00,19:00:00 - 07:00,
Pima County,County Recorder,":election,:registration",ocd-division/country:us/state:az/county:pima,Pima County AZ,http://www.recorder.Pima.gov/,"(520) 724-4330, 520-724-6830",recorder@recorder.pima.gov,EAST TUCSON BAPTIST CHURCH,Pima 128,9100 E SPEEDWAY BOULEVARD,Tucson,AZ,85710,06:00:00 - 07:00,19:00:00 - 07:00,
Pima County,County Recorder,":election,:registration",ocd-division/country:us/state:az/county:pima,Pima County AZ,http://www.recorder.Pima.gov/,"(520) 724-4330, 520-724-6830",recorder@recorder.pima.gov,PANTANO BAPTIST CHURCH,Pima 129,225 S PANTANO ROAD,Tucson,AZ,85710,06:00:00 - 07:00,19:00:00 - 07:00,
Pima County,County Recorder,":election,:registration",ocd-division/country:us/state:az/county:pima,Pima County AZ,http://www.recorder.Pima.gov/,"(520) 724-4330, 520-724-6830",recorder@recorder.pima.gov,NEW SPIRIT LUTHERAN CHURCH,Pima 130,8701 E OLD SPANISH TRAIL,Tucson,AZ,85710,06:00:00 - 07:00,19:00:00 - 07:00,
Pima County,County Recorder,":election,:registration",ocd-division/country:us/state:az/county:pima,Pima County AZ,http://www.recorder.Pima.gov/,"(520) 724-4330, 520-724-6830",recorder@recorder.pima.gov,MOUNT OLIVE LUTHERAN CHURCH,Pima 131,2005 S HOUGHTON ROAD,Tucson,AZ,85748,06:00:00 - 07:00,19:00:00 - 07:00,
Pima County,County Recorder,":election,:registration",ocd-division/country:us/state:az/county:pima,Pima County AZ,http://www.recorder.Pima.gov/,"(520) 724-4330, 520-724-6830",recorder@recorder.pima.gov,MILLER - GOLF LINKS LIBRARY,Pima 132,9640 E GOLF LINKS ROAD,Tucson,AZ,85730,06:00:00 - 07:00,19:00:00 - 07:00,
Pima County,County Recorder,":election,:registration",ocd-division/country:us/state:az/county:pima,Pima County AZ,http://www.recorder.Pima.gov/,"(520) 724-4330, 520-724-6830",recorder@recorder.pima.gov,CLEMENTS REGIONAL CENTER,Pima 133,8155 E POINCIANA DRIVE,Tucson,AZ,85730,06:00:00 - 07:00,19:00:00 - 07:00,
Pima County,County Recorder,":election,:registration",ocd-division/country:us/state:az/county:pima,Pima County AZ,http://www.recorder.Pima.gov/,"(520) 724-4330, 520-724-6830",recorder@recorder.pima.gov,BEAUTIFUL SAVIOR LUTHERAN CHURCH,Pima 134,7570 N THORNYDALE ROAD,Tucson,AZ,85741,06:00:00 - 07:00,19:00:00 - 07:00,
Pima County,County Recorder,":election,:registration",ocd-division/country:us/state:az/county:pima,Pima County AZ,http://www.recorder.Pima.gov/,"(520) 724-4330, 520-724-6830",recorder@recorder.pima.gov,PISINEMO DISTRICT,Pima 135,"WEST HIGHWAY 86, ROUTE 21",Tucson,AZ,85741,06:00:00 - 07:00,19:00:00 - 07:00,
Pima County,County Recorder,":election,:registration",ocd-division/country:us/state:az/county:pima,Pima County AZ,http://www.recorder.Pima.gov/,"(520) 724-4330, 520-724-6830",recorder@recorder.pima.gov,HICKIWAN DISTRICT,Pima 136,VAYA CHIN VILLAGE,Tucson,AZ,85741,06:00:00 - 07:00,19:00:00 - 07:00,
Pima County,County Recorder,":election,:registration",ocd-division/country:us/state:az/county:pima,Pima County AZ,http://www.recorder.Pima.gov/,"(520) 724-4330, 520-724-6830",recorder@recorder.pima.gov,GU VO DISTRICT OFFICE COMPOUND,Pima 137,"INDIAN ROUTE 1, MILE POST 19, GU VO VILLAGE",Tucson,AZ,85741,06:00:00 - 07:00,19:00:00 - 07:00,
Pima County,County Recorder,":election,:registration",ocd-division/country:us/state:az/county:pima,Pima County AZ,http://www.recorder.Pima.gov/,"(520) 724-4330, 520-724-6830",recorder@recorder.pima.gov,GU ACHI DISTRICT,Pima 138,SANTA ROSA COMMUNITY,Tucson,AZ,85741,06:00:00 - 07:00,19:00:00 - 07:00,
Pima County,County Recorder,":election,:registration",ocd-division/country:us/state:az/county:pima,Pima County AZ,http://www.recorder.Pima.gov/,"(520) 724-4330, 520-724-6830",recorder@recorder.pima.gov,SOPORI ELEMENTARY SCHOOL,Pima 139,5000 W ARIVACA ROAD,Tucson,AZ,85645,06:00:00 - 07:00,19:00:00 - 07:00,
Pima County,County Recorder,":election,:registration",ocd-division/country:us/state:az/county:pima,Pima County AZ,http://www.recorder.Pima.gov/,"(520) 724-4330, 520-724-6830",recorder@recorder.pima.gov,SAHUARITA BAPTIST CHURCH,Pima 140,2875 E SAHUARITA ROAD,Tucson,AZ,85629,06:00:00 - 07:00,19:00:00 - 07:00,
Pima County,County Recorder,":election,:registration",ocd-division/country:us/state:az/county:pima,Pima County AZ,http://www.recorder.Pima.gov/,"(520) 724-4330, 520-724-6830",recorder@recorder.pima.gov,CASA PALOMA I RECREATION CENTER,Pima 141,400 W CIRCULO DEL PALADIN,Tucson,AZ,85614,06:00:00 - 07:00,19:00:00 - 07:00,
Pima County,County Recorder,":election,:registration",ocd-division/country:us/state:az/county:pima,Pima County AZ,http://www.recorder.Pima.gov/,"(520) 724-4330, 520-724-6830",recorder@recorder.pima.gov,CAPILLA DEL SOL CHRISTIAN CHURCH,Pima 142,3130 W OVERTON ROAD,Tucson,AZ,85742,06:00:00 - 07:00,19:00:00 - 07:00,
Pima County,County Recorder,":election,:registration",ocd-division/country:us/state:az/county:pima,Pima County AZ,http://www.recorder.Pima.gov/,"(520) 724-4330, 520-724-6830",recorder@recorder.pima.gov,FRIENDSHIP MISSIONARY BAPTIST CHURCH,Pima 143,850 N 11TH AVENUE,Tucson,AZ,85705,06:00:00 - 07:00,19:00:00 - 07:00,
Pima County,County Recorder,":election,:registration",ocd-division/country:us/state:az/county:pima,Pima County AZ,http://www.recorder.Pima.gov/,"(520) 724-4330, 520-724-6830",recorder@recorder.pima.gov,FRED ARCHER NEIGHBORHOOD CENTER,Pima 144,1665 S LA CHOLLA BOULEVARD,Tucson,AZ,85713,06:00:00 - 07:00,19:00:00 - 07:00,
Pima County,County Recorder,":election,:registration",ocd-division/country:us/state:az/county:pima,Pima County AZ,http://www.recorder.Pima.gov/,"(520) 724-4330, 520-724-6830",recorder@recorder.pima.gov,SUN CITY ORO VALLEY -CATALINA VISTA,Pima 145,14055 N DEL WEBB BOULEVARD,Tucson,AZ,85755,06:00:00 - 07:00,19:00:00 - 07:00,
Pima County,County Recorder,":election,:registration",ocd-division/country:us/state:az/county:pima,Pima County AZ,http://www.recorder.Pima.gov/,"(520) 724-4330, 520-724-6830",recorder@recorder.pima.gov,NANINI BRANCH PUBLIC LIBRARY,Pima 146,7300 N SHANNON ROAD,Tucson,AZ,85741,06:00:00 - 07:00,19:00:00 - 07:00,
Pima County,County Recorder,":election,:registration",ocd-division/country:us/state:az/county:pima,Pima County AZ,http://www.recorder.Pima.gov/,"(520) 724-4330, 520-724-6830",recorder@recorder.pima.gov,CORNERSTONE BAPTIST CHURCH,Pima 147,18280 S LA CANADA DRIVE,Tucson,AZ,85629,06:00:00 - 07:00,19:00:00 - 07:00,
Pima County,County Recorder,":election,:registration",ocd-division/country:us/state:az/county:pima,Pima County AZ,http://www.recorder.Pima.gov/,"(520) 724-4330, 520-724-6830",recorder@recorder.pima.gov,SOVEREIGN GRACE CHURCH,Pima 148,1241 W INA ROAD,Tucson,AZ,85704,06:00:00 - 07:00,19:00:00 - 07:00,
Pima County,County Recorder,":election,:registration",ocd-division/country:us/state:az/county:pima,Pima County AZ,http://www.recorder.Pima.gov/,"(520) 724-4330, 520-724-6830",recorder@recorder.pima.gov,METRO WATER DISTRICT OFFICE,Pima 149,6265 N LA CANADA DRIVE,Tucson,AZ,85704,06:00:00 - 07:00,19:00:00 - 07:00,
Pima County,County Recorder,":election,:registration",ocd-division/country:us/state:az/county:pima,Pima County AZ,http://www.recorder.Pima.gov/,"(520) 724-4330, 520-724-6830",recorder@recorder.pima.gov,SOUTH FORTY R-V PARK,Pima 150,3600 W ORANGE GROVE ROAD,Tucson,AZ,85741,06:00:00 - 07:00,19:00:00 - 07:00,
Pima County,County Recorder,":election,:registration",ocd-division/country:us/state:az/county:pima,Pima County AZ,http://www.recorder.Pima.gov/,"(520) 724-4330, 520-724-6830",recorder@recorder.pima.gov,CHURCH OF THE PAINTED HILLS,Pima 151,3295 W SPEEDWAY BOULEVARD,Tucson,AZ,85745,06:00:00 - 07:00,19:00:00 - 07:00,
Pima County,County Recorder,":election,:registration",ocd-division/country:us/state:az/county:pima,Pima County AZ,http://www.recorder.Pima.gov/,"(520) 724-4330, 520-724-6830",recorder@recorder.pima.gov,SANTA CRUZ LUTHERAN CHURCH,Pima 152,6809 S CARDINAL AVENUE,Tucson,AZ,85746,06:00:00 - 07:00,19:00:00 - 07:00,
Pima County,County Recorder,":election,:registration",ocd-division/country:us/state:az/county:pima,Pima County AZ,http://www.recorder.Pima.gov/,"(520) 724-4330, 520-724-6830",recorder@recorder.pima.gov,FAITH CHRISTIAN FELLOWSHIP,Pima 153,3141 W IRONWOOD HILLS DRIVE,Tucson,AZ,85745,06:00:00 - 07:00,19:00:00 - 07:00,
Pima County,County Recorder,":election,:registration",ocd-division/country:us/state:az/county:pima,Pima County AZ,http://www.recorder.Pima.gov/,"(520) 724-4330, 520-724-6830",recorder@recorder.pima.gov,SACRED HEART CATHOLIC CHURCH,Pima 154,601 E FORT LOWELL ROAD,Tucson,AZ,85705,06:00:00 - 07:00,19:00:00 - 07:00,
Pima County,County Recorder,":election,:registration",ocd-division/country:us/state:az/county:pima,Pima County AZ,http://www.recorder.Pima.gov/,"(520) 724-4330, 520-724-6830",recorder@recorder.pima.gov,SAN XAVIER MOOSE LODGE,Pima 155,10600 S NOGALES HIGHWAY,Tucson,AZ,85756,06:00:00 - 07:00,19:00:00 - 07:00,
Pima County,County Recorder,":election,:registration",ocd-division/country:us/state:az/county:pima,Pima County AZ,http://www.recorder.Pima.gov/,"(520) 724-4330, 520-724-6830",recorder@recorder.pima.gov,TUCSON MEADOWS MOBILE HOME PARK,Pima 156,2121 S PANTANO ROAD,Tucson,AZ,85710,06:00:00 - 07:00,19:00:00 - 07:00,
Pima County,County Recorder,":election,:registration",ocd-division/country:us/state:az/county:pima,Pima County AZ,http://www.recorder.Pima.gov/,"(520) 724-4330, 520-724-6830",recorder@recorder.pima.gov,CACTUS COMMUNITY CHURCH OF THE NAZARENE,Pima 157,1600 W IRVINGTON ROAD,Tucson,AZ,85746,06:00:00 - 07:00,19:00:00 - 07:00,
Pima County,County Recorder,":election,:registration",ocd-division/country:us/state:az/county:pima,Pima County AZ,http://www.recorder.Pima.gov/,"(520) 724-4330, 520-724-6830",recorder@recorder.pima.gov,EMBASSY SUITES TUCSON-PALOMA VILLAGE,Pima 158,3110 E SKYLINE DRIVE,Tucson,AZ,85718,06:00:00 - 07:00,19:00:00 - 07:00,
Pima County,County Recorder,":election,:registration",ocd-division/country:us/state:az/county:pima,Pima County AZ,http://www.recorder.Pima.gov/,"(520) 724-4330, 520-724-6830",recorder@recorder.pima.gov,CALVARY EVANGELISTIC CENTER,Pima 159,5160 S TREAT AVENUE,Tucson,AZ,85706,06:00:00 - 07:00,19:00:00 - 07:00,
Pima County,County Recorder,":election,:registration",ocd-division/country:us/state:az/county:pima,Pima County AZ,http://www.recorder.Pima.gov/,"(520) 724-4330, 520-724-6830",recorder@recorder.pima.gov,EL PUEBLO SENIOR CENTER,Pima 160,101 W IRVINGTON ROAD,Tucson,AZ,85706,06:00:00 - 07:00,19:00:00 - 07:00,
Pima County,County Recorder,":election,:registration",ocd-division/country:us/state:az/county:pima,Pima County AZ,http://www.recorder.Pima.gov/,"(520) 724-4330, 520-724-6830",recorder@recorder.pima.gov,LORD OF GRACE LUTHERAN CHURCH,Pima 161,7250 N CORTARO ROAD,Tucson,AZ,85743,06:00:00 - 07:00,19:00:00 - 07:00,
Pima County,County Recorder,":election,:registration",ocd-division/country:us/state:az/county:pima,Pima County AZ,http://www.recorder.Pima.gov/,"(520) 724-4330, 520-724-6830",recorder@recorder.pima.gov,ST. ANDREW'S PRESBYTERIAN CHURCH,Pima 162,7575 N PASEO DEL NORTE,Tucson,AZ,85704,06:00:00 - 07:00,19:00:00 - 07:00,
Pima County,County Recorder,":election,:registration",ocd-division/country:us/state:az/county:pima,Pima County AZ,http://www.recorder.Pima.gov/,"(520) 724-4330, 520-724-6830",recorder@recorder.pima.gov,ESPERERO CANYON MIDDLE SCHOOL,Pima 163,5801 N SABINO CANYON ROAD,Tucson,AZ,85750,06:00:00 - 07:00,19:00:00 - 07:00,
Pima County,County Recorder,":election,:registration",ocd-division/country:us/state:az/county:pima,Pima County AZ,http://www.recorder.Pima.gov/,"(520) 724-4330, 520-724-6830",recorder@recorder.pima.gov,SILVERBELL BAPTIST CHURCH,Pima 164,3344 N CAMPBELL AVENUE,Tucson,AZ,85719,06:00:00 - 07:00,19:00:00 - 07:00,
Pima County,County Recorder,":election,:registration",ocd-division/country:us/state:az/county:pima,Pima County AZ,http://www.recorder.Pima.gov/,"(520) 724-4330, 520-724-6830",recorder@recorder.pima.gov,"ROSEMONT RANCH, THURBER DIVISION",Pima 165,"11300 E. GREATERVILLE ROAD, 2 MILES WEST, HWY 83",Tucson,AZ,85719,06:00:00 - 07:00,19:00:00 - 07:00,
Pima County,County Recorder,":election,:registration",ocd-division/country:us/state:az/county:pima,Pima County AZ,http://www.recorder.Pima.gov/,"(520) 724-4330, 520-724-6830",recorder@recorder.pima.gov,MOUNTAIN AVENUE CHURCH OF CHRIST,Pima 166,2848 N MOUNTAIN AVENUE,Tucson,AZ,85719,06:00:00 - 07:00,19:00:00 - 07:00,
Pima County,County Recorder,":election,:registration",ocd-division/country:us/state:az/county:pima,Pima County AZ,http://www.recorder.Pima.gov/,"(520) 724-4330, 520-724-6830",recorder@recorder.pima.gov,CHURCH OF GOD OF PROPHECY,Pima 167,3002 E GLENN STREET,Tucson,AZ,85716,06:00:00 - 07:00,19:00:00 - 07:00,
Pima County,County Recorder,":election,:registration",ocd-division/country:us/state:az/county:pima,Pima County AZ,http://www.recorder.Pima.gov/,"(520) 724-4330, 520-724-6830",recorder@recorder.pima.gov,RANCHO RESORT,Pima 168,15900 S RANCHO RESORT BOULEVARD,Tucson,AZ,85629,06:00:00 - 07:00,19:00:00 - 07:00,
Pima County,County Recorder,":election,:registration",ocd-division/country:us/state:az/county:pima,Pima County AZ,http://www.recorder.Pima.gov/,"(520) 724-4330, 520-724-6830",recorder@recorder.pima.gov,THE CHURCH OF JESUS CHRIST OF LATTER DAY SAINTS,Pima 169,55 W ARROWSMITH DRIVE,Tucson,AZ,85755,06:00:00 - 07:00,19:00:00 - 07:00,
Pima County,County Recorder,":election,:registration",ocd-division/country:us/state:az/county:pima,Pima County AZ,http://www.recorder.Pima.gov/,"(520) 724-4330, 520-724-6830",recorder@recorder.pima.gov,TUCSON JCC,Pima 170,3800 E RIVER ROAD,Tucson,AZ,85718,06:00:00 - 07:00,19:00:00 - 07:00,
Pima County,County Recorder,":election,:registration",ocd-division/country:us/state:az/county:pima,Pima County AZ,http://www.recorder.Pima.gov/,"(520) 724-4330, 520-724-6830",recorder@recorder.pima.gov,ST. ALBAN'S EPISCOPAL CHURCH,Pima 171,3738 N OLD SABINO CANYON ROAD,Tucson,AZ,85750,06:00:00 - 07:00,19:00:00 - 07:00,
Pima County,County Recorder,":election,:registration",ocd-division/country:us/state:az/county:pima,Pima County AZ,http://www.recorder.Pima.gov/,"(520) 724-4330, 520-724-6830",recorder@recorder.pima.gov,PAINTED SKY ELEMENTARY SCHOOL,Pima 172,12620 N WOODBURNE AVENUE,Tucson,AZ,85755,06:00:00 - 07:00,19:00:00 - 07:00,
Pima County,County Recorder,":election,:registration",ocd-division/country:us/state:az/county:pima,Pima County AZ,http://www.recorder.Pima.gov/,"(520) 724-4330, 520-724-6830",recorder@recorder.pima.gov,ORO VALLEY PUBLIC LIBRARY,Pima 173,1305 W NARANJA DRIVE,Tucson,AZ,85737,06:00:00 - 07:00,19:00:00 - 07:00,
Pima County,County Recorder,":election,:registration",ocd-division/country:us/state:az/county:pima,Pima County AZ,http://www.recorder.Pima.gov/,"(520) 724-4330, 520-724-6830",recorder@recorder.pima.gov,EL CAMINO BAPTIST CHURCH,Pima 174,7777 E SPEEDWAY BOULEVARD,Tucson,AZ,85710,06:00:00 - 07:00,19:00:00 - 07:00,
Pima County,County Recorder,":election,:registration",ocd-division/country:us/state:az/county:pima,Pima County AZ,http://www.recorder.Pima.gov/,"(520) 724-4330, 520-724-6830",recorder@recorder.pima.gov,AVRA VALLEY FIRE DISTRICT,Pima 175,15790 W SILVERBELL ROAD,Tucson,AZ,85653,06:00:00 - 07:00,19:00:00 - 07:00,
Pima County,County Recorder,":election,:registration",ocd-division/country:us/state:az/county:pima,Pima County AZ,http://www.recorder.Pima.gov/,"(520) 724-4330, 520-724-6830",recorder@recorder.pima.gov,VUSD - DESERT WILLOW ELEMENTARY SCHOOL,Pima 176,9400 E ESMOND LOOP,Tucson,AZ,85747,06:00:00 - 07:00,19:00:00 - 07:00,
Pima County,County Recorder,":election,:registration",ocd-division/country:us/state:az/county:pima,Pima County AZ,http://www.recorder.Pima.gov/,"(520) 724-4330, 520-724-6830",recorder@recorder.pima.gov,"PIMA COMMUNITY COLLEGE, EAST CAMPUS",Pima 177,8181 E IRVINGTON ROAD,Tucson,AZ,85709,06:00:00 - 07:00,19:00:00 - 07:00,
Pima County,County Recorder,":election,:registration",ocd-division/country:us/state:az/county:pima,Pima County AZ,http://www.recorder.Pima.gov/,"(520) 724-4330, 520-724-6830",recorder@recorder.pima.gov,KIRK-BEAR CANYON LIBRARY,Pima 178,8959 E TANQUE VERDE ROAD,Tucson,AZ,85749,06:00:00 - 07:00,19:00:00 - 07:00,
Pima County,County Recorder,":election,:registration",ocd-division/country:us/state:az/county:pima,Pima County AZ,http://www.recorder.Pima.gov/,"(520) 724-4330, 520-724-6830",recorder@recorder.pima.gov,TANQUE VERDE UNIFIED SCHOOL DISTRICT,Pima 179,"2300 N TANQUE VERDE LOOP, BLDG 1",Tucson,AZ,85749,06:00:00 - 07:00,19:00:00 - 07:00,
Pima County,County Recorder,":election,:registration",ocd-division/country:us/state:az/county:pima,Pima County AZ,http://www.recorder.Pima.gov/,"(520) 724-4330, 520-724-6830",recorder@recorder.pima.gov,THE CHURCH OF JESUS CHRIST OF LATTER DAY SAINTS,Pima 180,700 N BONANZA AVENUE,Tucson,AZ,85748,06:00:00 - 07:00,19:00:00 - 07:00,
Pima County,County Recorder,":election,:registration",ocd-division/country:us/state:az/county:pima,Pima County AZ,http://www.recorder.Pima.gov/,"(520) 724-4330, 520-724-6830",recorder@recorder.pima.gov,PANTANO CHRISTIAN CHURCH,Pima 181,1755 S HOUGHTON ROAD,Tucson,AZ,85748,06:00:00 - 07:00,19:00:00 - 07:00,
Pima County,County Recorder,":election,:registration",ocd-division/country:us/state:az/county:pima,Pima County AZ,http://www.recorder.Pima.gov/,"(520) 724-4330, 520-724-6830",recorder@recorder.pima.gov,SAGUARO CANYON EVANGELICAL FREE CHURCH,Pima 182,10111 E OLD SPANISH TRAIL,Tucson,AZ,85748,06:00:00 - 07:00,19:00:00 - 07:00,
Pima County,County Recorder,":election,:registration",ocd-division/country:us/state:az/county:pima,Pima County AZ,http://www.recorder.Pima.gov/,"(520) 724-4330, 520-724-6830",recorder@recorder.pima.gov,IMMANUEL PRESBYTERIAN CHURCH,Pima 183,9252 E 22ND STREET,Tucson,AZ,85710,06:00:00 - 07:00,19:00:00 - 07:00,
Pima County,County Recorder,":election,:registration",ocd-division/country:us/state:az/county:pima,Pima County AZ,http://www.recorder.Pima.gov/,"(520) 724-4330, 520-724-6830",recorder@recorder.pima.gov,CANYON DEL ORO ASSEMBLY OF GOD,Pima 184,2950 W LAMBERT LANE,Tucson,AZ,85742,06:00:00 - 07:00,19:00:00 - 07:00,
Pima County,County Recorder,":election,:registration",ocd-division/country:us/state:az/county:pima,Pima County AZ,http://www.recorder.Pima.gov/,"(520) 724-4330, 520-724-6830",recorder@recorder.pima.gov,CORTARO VISTA COMMUNITY CHURCH,Pima 185,8600 N CAMINO DE OESTE,Tucson,AZ,85742,06:00:00 - 07:00,19:00:00 - 07:00,
Pima County,County Recorder,":election,:registration",ocd-division/country:us/state:az/county:pima,Pima County AZ,http://www.recorder.Pima.gov/,"(520) 724-4330, 520-724-6830",recorder@recorder.pima.gov,ACCELERATED ELEMENTARY & SECONDARY SCHOOLS,Pima 186,5245 N CAMINO DE OESTE,Tucson,AZ,85745,06:00:00 - 07:00,19:00:00 - 07:00,
Pima County,County Recorder,":election,:registration",ocd-division/country:us/state:az/county:pima,Pima County AZ,http://www.recorder.Pima.gov/,"(520) 724-4330, 520-724-6830",recorder@recorder.pima.gov,DESERT SPRINGS PRESBYTERIAN CHURCH,Pima 187,1555 W OVERTON ROAD,Tucson,AZ,85704,06:00:00 - 07:00,19:00:00 - 07:00,
Pima County,County Recorder,":election,:registration",ocd-division/country:us/state:az/county:pima,Pima County AZ,http://www.recorder.Pima.gov/,"(520) 724-4330, 520-724-6830",recorder@recorder.pima.gov,VISTA DE LA MONTANA UNITED METHODIST CHURCH,Pima 188,"3001 E MIRAVISTA LANE, NORTH OF WILDS ROAD",Tucson,AZ,85739,06:00:00 - 07:00,19:00:00 - 07:00,
Pima County,County Recorder,":election,:registration",ocd-division/country:us/state:az/county:pima,Pima County AZ,http://www.recorder.Pima.gov/,"(520) 724-4330, 520-724-6830",recorder@recorder.pima.gov,TUSD - ALICE VAIL MIDDLE SCHOOL,Pima 189,5350 E 16TH ST,Tucson,AZ,85711,06:00:00 - 07:00,19:00:00 - 07:00,
Pima County,County Recorder,":election,:registration",ocd-division/country:us/state:az/county:pima,Pima County AZ,http://www.recorder.Pima.gov/,"(520) 724-4330, 520-724-6830",recorder@recorder.pima.gov,MIDVALE CHRISTIAN CENTER,Pima 190,6670 S VALLEY INDIAN AGENCY CONNECT RD,Tucson,AZ,85746,06:00:00 - 07:00,19:00:00 - 07:00,
Pima County,County Recorder,":election,:registration",ocd-division/country:us/state:az/county:pima,Pima County AZ,http://www.recorder.Pima.gov/,"(520) 724-4330, 520-724-6830",recorder@recorder.pima.gov,MUSD - BUTTERFIELD ELEMENTARY SCHOOL,Pima 191,3400 W MASSINGALE ROAD,Tucson,AZ,85741,06:00:00 - 07:00,19:00:00 - 07:00,
Pima County,County Recorder,":election,:registration",ocd-division/country:us/state:az/county:pima,Pima County AZ,http://www.recorder.Pima.gov/,"(520) 724-4330, 520-724-6830",recorder@recorder.pima.gov,HOLY CROSS LUTHERAN CHURCH,Pima 192,241 N HARRISON ROAD,Tucson,AZ,85748,06:00:00 - 07:00,19:00:00 - 07:00,
Pima County,County Recorder,":election,:registration",ocd-division/country:us/state:az/county:pima,Pima County AZ,http://www.recorder.Pima.gov/,"(520) 724-4330, 520-724-6830",recorder@recorder.pima.gov,SANTA RITA SPRINGS RECREATION CENTER,Pima 193,921 W VIA RIO FUERTE,Tucson,AZ,85614,06:00:00 - 07:00,19:00:00 - 07:00,
Pima County,County Recorder,":election,:registration",ocd-division/country:us/state:az/county:pima,Pima County AZ,http://www.recorder.Pima.gov/,"(520) 724-4330, 520-724-6830",recorder@recorder.pima.gov,GRACE COMMUNITY COVENANT CHURCH,Pima 194,9755 N LA CHOLLA BOULEVARD,Tucson,AZ,85742,06:00:00 - 07:00,19:00:00 - 07:00,
Pima County,County Recorder,":election,:registration",ocd-division/country:us/state:az/county:pima,Pima County AZ,http://www.recorder.Pima.gov/,"(520) 724-4330, 520-724-6830",recorder@recorder.pima.gov,CHRIST LUTHERAN VAIL CHURCH,Pima 195,14600 E COLOSSAL CAVE ROAD,Tucson,AZ,85641,06:00:00 - 07:00,19:00:00 - 07:00,
Pima County,County Recorder,":election,:registration",ocd-division/country:us/state:az/county:pima,Pima County AZ,http://www.recorder.Pima.gov/,"(520) 724-4330, 520-724-6830",recorder@recorder.pima.gov,HILTON GARDEN INN,Pima 196,6575 S. COUNTRY CLUB ROAD,Tucson,AZ,85756,06:00:00 - 07:00,19:00:00 - 07:00,
Pima County,County Recorder,":election,:registration",ocd-division/country:us/state:az/county:pima,Pima County AZ,http://www.recorder.Pima.gov/,"(520) 724-4330, 520-724-6830",recorder@recorder.pima.gov,HARRISON HILLS MOBILE HOME PARK,Pima 197,4675 S HARRISON ROAD,Tucson,AZ,85730,06:00:00 - 07:00,19:00:00 - 07:00,
Pima County,County Recorder,":election,:registration",ocd-division/country:us/state:az/county:pima,Pima County AZ,http://www.recorder.Pima.gov/,"(520) 724-4330, 520-724-6830",recorder@recorder.pima.gov,VUSD - OCOTILLO RIDGE ELEMENTARY SCHOOL,Pima 198,10170 S WHITE LIGHTNING LANE,Tucson,AZ,85641,06:00:00 - 07:00,19:00:00 - 07:00,
Pima County,County Recorder,":election,:registration",ocd-division/country:us/state:az/county:pima,Pima County AZ,http://www.recorder.Pima.gov/,"(520) 724-4330, 520-724-6830",recorder@recorder.pima.gov,ST JOHN ON THE DESERT PRESBYTERIAN CHURCH,Pima 199,2695 N HOUGHTON ROAD,Tucson,AZ,85749,06:00:00 - 07:00,19:00:00 - 07:00,
Pima County,County Recorder,":election,:registration",ocd-division/country:us/state:az/county:pima,Pima County AZ,http://www.recorder.Pima.gov/,"(520) 724-4330, 520-724-6830",recorder@recorder.pima.gov,CASAS ADOBES BAPTIST CHURCH,Pima 200,10801 N LA CHOLLA BOULEVARD,Tucson,AZ,85742,06:00:00 - 07:00,19:00:00 - 07:00,
Pima County,County Recorder,":election,:registration",ocd-division/country:us/state:az/county:pima,Pima County AZ,http://www.recorder.Pima.gov/,"(520) 724-4330, 520-724-6830",recorder@recorder.pima.gov,FOOTHILLS COMMUNITY CHURCH,Pima 201,3301 W OVERTON ROAD,Tucson,AZ,85742,06:00:00 - 07:00,19:00:00 - 07:00,
Pima County,County Recorder,":election,:registration",ocd-division/country:us/state:az/county:pima,Pima County AZ,http://www.recorder.Pima.gov/,"(520) 724-4330, 520-724-6830",recorder@recorder.pima.gov,ALIVE CHRISTIAN FELLOWSHIP,Pima 202,9662 N LA CHOLLA BOULEVARD,Tucson,AZ,85742,06:00:00 - 07:00,19:00:00 - 07:00,
Pima County,County Recorder,":election,:registration",ocd-division/country:us/state:az/county:pima,Pima County AZ,http://www.recorder.Pima.gov/,"(520) 724-4330, 520-724-6830",recorder@recorder.pima.gov,TUSD - JOHNSON PRIMARY SCHOOL,Pima 203,6060 S JOSEPH AVENUE,Tucson,AZ,85757,06:00:00 - 07:00,19:00:00 - 07:00,
Pima County,County Recorder,":election,:registration",ocd-division/country:us/state:az/county:pima,Pima County AZ,http://www.recorder.Pima.gov/,"(520) 724-4330, 520-724-6830",recorder@recorder.pima.gov,SIERRITA MINING AND RANCHING CO.,Pima 204,10094 W MCGEE RANCH ROAD,Tucson,AZ,85629,06:00:00 - 07:00,19:00:00 - 07:00,
Pima County,County Recorder,":election,:registration",ocd-division/country:us/state:az/county:pima,Pima County AZ,http://www.recorder.Pima.gov/,"(520) 724-4330, 520-724-6830",recorder@recorder.pima.gov,CANOA RANCH RECREATION CENTER,Pima 205,5750 S TURQUOISE MOUNTAIN DRIVE,Tucson,AZ,85622,06:00:00 - 07:00,19:00:00 - 07:00,
Pima County,County Recorder,":election,:registration",ocd-division/country:us/state:az/county:pima,Pima County AZ,http://www.recorder.Pima.gov/,"(520) 724-4330, 520-724-6830",recorder@recorder.pima.gov,ABREGO SOUTH RECREATION CENTER,Pima 206,1655 S ABREGO DRIVE,Tucson,AZ,85614,06:00:00 - 07:00,19:00:00 - 07:00,
Pima County,County Recorder,":election,:registration",ocd-division/country:us/state:az/county:pima,Pima County AZ,http://www.recorder.Pima.gov/,"(520) 724-4330, 520-724-6830",recorder@recorder.pima.gov,ST. FRANCIS IN THE VALLEY EPISCOPAL CHURCH,Pima 207,600 S LA CANADA DRIVE,Tucson,AZ,85614,06:00:00 - 07:00,19:00:00 - 07:00,
Pima County,County Recorder,":election,:registration",ocd-division/country:us/state:az/county:pima,Pima County AZ,http://www.recorder.Pima.gov/,"(520) 724-4330, 520-724-6830",recorder@recorder.pima.gov,SERENITY BAPTIST CHURCH,Pima 208,15501 W AJO WAY,Tucson,AZ,85735,06:00:00 - 07:00,19:00:00 - 07:00,
Pima County,County Recorder,":election,:registration",ocd-division/country:us/state:az/county:pima,Pima County AZ,http://www.recorder.Pima.gov/,"(520) 724-4330, 520-724-6830",recorder@recorder.pima.gov,PUEBLO ESTATES HOMEOWNERS ASSOCIATION,Pima 209,145 W ALISO DRIVE,Tucson,AZ,85614,06:00:00 - 07:00,19:00:00 - 07:00,
Pima County,County Recorder,":election,:registration",ocd-division/country:us/state:az/county:pima,Pima County AZ,http://www.recorder.Pima.gov/,"(520) 724-4330, 520-724-6830",recorder@recorder.pima.gov,ST. PHILIP'S IN THE HILLS EPISCOPAL CHURCH,Pima 210,4440 N CAMPBELL AVENUE,Tucson,AZ,85718,06:00:00 - 07:00,19:00:00 - 07:00,
Pima County,County Recorder,":election,:registration",ocd-division/country:us/state:az/county:pima,Pima County AZ,http://www.recorder.Pima.gov/,"(520) 724-4330, 520-724-6830",recorder@recorder.pima.gov,ORANGE GROVE MIDDLE SCHOOL,Pima 211,1911 E ORANGE GROVE ROAD,Tucson,AZ,85718,06:00:00 - 07:00,19:00:00 - 07:00,
Pima County,County Recorder,":election,:registration",ocd-division/country:us/state:az/county:pima,Pima County AZ,http://www.recorder.Pima.gov/,"(520) 724-4330, 520-724-6830",recorder@recorder.pima.gov,COPPER CREEK ELEMENTARY SCHOOL,Pima 212,11620 N COPPER SPRING TRAIL,Tucson,AZ,85737,06:00:00 - 07:00,19:00:00 - 07:00,
Pima County,County Recorder,":election,:registration",ocd-division/country:us/state:az/county:pima,Pima County AZ,http://www.recorder.Pima.gov/,"(520) 724-4330, 520-724-6830",recorder@recorder.pima.gov,NEW LIFE BIBLE FELLOWSHIP,Pima 213,4900 W CORTARO FARMS ROAD,Tucson,AZ,85742,06:00:00 - 07:00,19:00:00 - 07:00,
Pima County,County Recorder,":election,:registration",ocd-division/country:us/state:az/county:pima,Pima County AZ,http://www.recorder.Pima.gov/,"(520) 724-4330, 520-724-6830",recorder@recorder.pima.gov,DUSENBERRY-RIVER BRANCH LIBRARY,Pima 214,"5605 E RIVER ROAD, #105",Tucson,AZ,85750,06:00:00 - 07:00,19:00:00 - 07:00,
Pima County,County Recorder,":election,:registration",ocd-division/country:us/state:az/county:pima,Pima County AZ,http://www.recorder.Pima.gov/,"(520) 724-4330, 520-724-6830",recorder@recorder.pima.gov,SANDARIO BAPTIST CHURCH,Pima 215,6971 N SANDARIO ROAD,Tucson,AZ,85743,06:00:00 - 07:00,19:00:00 - 07:00,
Pima County,County Recorder,":election,:registration",ocd-division/country:us/state:az/county:pima,Pima County AZ,http://www.recorder.Pima.gov/,"(520) 724-4330, 520-724-6830",recorder@recorder.pima.gov,RESURRECTION LUTHERAN CHURCH,Pima 216,11575 N 1ST AVENUE,Tucson,AZ,85737,06:00:00 - 07:00,19:00:00 - 07:00,
Pima County,County Recorder,":election,:registration",ocd-division/country:us/state:az/county:pima,Pima County AZ,http://www.recorder.Pima.gov/,"(520) 724-4330, 520-724-6830",recorder@recorder.pima.gov,VOYAGER RV RESORT,Pima 217,8701 S KOLB ROAD,Tucson,AZ,85756,06:00:00 - 07:00,19:00:00 - 07:00,
Pima County,County Recorder,":election,:registration",ocd-division/country:us/state:az/county:pima,Pima County AZ,http://www.recorder.Pima.gov/,"(520) 724-4330, 520-724-6830",recorder@recorder.pima.gov,VUSD - RINCON VISTA MIDDLE SCHOOL,Pima 218,10770 E BILBY ROAD,Tucson,AZ,85747,06:00:00 - 07:00,19:00:00 - 07:00,
Pima County,County Recorder,":election,:registration",ocd-division/country:us/state:az/county:pima,Pima County AZ,http://www.recorder.Pima.gov/,"(520) 724-4330, 520-724-6830",recorder@recorder.pima.gov,CHRIST THE KING EPISCOPAL CHURCH,Pima 219,2800 W INA ROAD,Tucson,AZ,85741,06:00:00 - 07:00,19:00:00 - 07:00,
Pima County,County Recorder,":election,:registration",ocd-division/country:us/state:az/county:pima,Pima County AZ,http://www.recorder.Pima.gov/,"(520) 724-4330, 520-724-6830",recorder@recorder.pima.gov,REAL LIFE CHRISTIAN FELLOWSHIP CHURCH,Pima 220,3352 N HOUGHTON ROAD,Tucson,AZ,85749,06:00:00 - 07:00,19:00:00 - 07:00,
Pima County,County Recorder,":election,:registration",ocd-division/country:us/state:az/county:pima,Pima County AZ,http://www.recorder.Pima.gov/,"(520) 724-4330, 520-724-6830",recorder@recorder.pima.gov,ST. RITA IN THE DESERT CHURCH,Pima 221,13260 E COLOSSAL CAVE ROAD,Tucson,AZ,85641,06:00:00 - 07:00,19:00:00 - 07:00,
Pima County,County Recorder,":election,:registration",ocd-division/country:us/state:az/county:pima,Pima County AZ,http://www.recorder.Pima.gov/,"(520) 724-4330, 520-724-6830",recorder@recorder.pima.gov,MUSD - MARANA HIGH SCHOOL,Pima 222,12000 W EMIGH ROAD,Tucson,AZ,85743,06:00:00 - 07:00,19:00:00 - 07:00,
Pima County,County Recorder,":election,:registration",ocd-division/country:us/state:az/county:pima,Pima County AZ,http://www.recorder.Pima.gov/,"(520) 724-4330, 520-724-6830",recorder@recorder.pima.gov,DESERT SON COMMUNITY CHURCH,Pima 223,5250 W CORTARO FARMS ROAD,Tucson,AZ,85742,06:00:00 - 07:00,19:00:00 - 07:00,
Pima County,County Recorder,":election,:registration",ocd-division/country:us/state:az/county:pima,Pima County AZ,http://www.recorder.Pima.gov/,"(520) 724-4330, 520-724-6830",recorder@recorder.pima.gov,VUSD - EMPIRE HIGH SCHOOL,Pima 224,10701 E MARY ANN CLEVELAND WAY,Tucson,AZ,85747,06:00:00 - 07:00,19:00:00 - 07:00,
Pima County,County Recorder,":election,:registration",ocd-division/country:us/state:az/county:pima,Pima County AZ,http://www.recorder.Pima.gov/,"(520) 724-4330, 520-724-6830",recorder@recorder.pima.gov,ORANGE GROVE MOBILE ESTATES,Pima 225,3635 W MANGO DRIVE,Tucson,AZ,85741,06:00:00 - 07:00,19:00:00 - 07:00,
Pima County,County Recorder,":election,:registration",ocd-division/country:us/state:az/county:pima,Pima County AZ,http://www.recorder.Pima.gov/,"(520) 724-4330, 520-724-6830",recorder@recorder.pima.gov,CHRIST THE KING EPISCOPAL CHURCH,Pima 226,2800 W INA ROAD,Tucson,AZ,85741,06:00:00 - 07:00,19:00:00 - 07:00,
Pima County,County Recorder,":election,:registration",ocd-division/country:us/state:az/county:pima,Pima County AZ,http://www.recorder.Pima.gov/,"(520) 724-4330, 520-724-6830",recorder@recorder.pima.gov,SAHUARITA TOWN HALL,Pima 227,375 W SAHUARITA CENTER WAY,Tucson,AZ,85629,06:00:00 - 07:00,19:00:00 - 07:00,
Pima County,County Recorder,":election,:registration",ocd-division/country:us/state:az/county:pima,Pima County AZ,http://www.recorder.Pima.gov/,"(520) 724-4330, 520-724-6830",recorder@recorder.pima.gov,ACCELERATED ELEMENTARY & SECONDARY SCHOOLS,Pima 228,5245 N CAMINO DE OESTE,Tucson,AZ,85745,06:00:00 - 07:00,19:00:00 - 07:00,
Pima County,County Recorder,":election,:registration",ocd-division/country:us/state:az/county:pima,Pima County AZ,http://www.recorder.Pima.gov/,"(520) 724-4330, 520-724-6830",recorder@recorder.pima.gov,VUSD - SYCAMORE ELEMENTARY SCHOOL,Pima 229,16701 S HOUGHTON ROAD,Tucson,AZ,85641,06:00:00 - 07:00,19:00:00 - 07:00,
Pima County,County Recorder,":election,:registration",ocd-division/country:us/state:az/county:pima,Pima County AZ,http://www.recorder.Pima.gov/,"(520) 724-4330, 520-724-6830",recorder@recorder.pima.gov,FRIENDLY VILLAGE OF THE CATALINAS,Pima 230,101 W RIVER ROAD,Tucson,AZ,85704,06:00:00 - 07:00,19:00:00 - 07:00,
Pima County,County Recorder,":election,:registration",ocd-division/country:us/state:az/county:pima,Pima County AZ,http://www.recorder.Pima.gov/,"(520) 724-4330, 520-724-6830",recorder@recorder.pima.gov,SANTA CRUZ VALLEY UNITED METHODIST CHURCH,Pima 231,70 E SAHUARITA ROAD,Tucson,AZ,85641,06:00:00 - 07:00,19:00:00 - 07:00,
Pima County,County Recorder,":election,:registration",ocd-division/country:us/state:az/county:pima,Pima County AZ,http://www.recorder.Pima.gov/,"(520) 724-4330, 520-724-6830",recorder@recorder.pima.gov,LITTLETOWN COMMUNITY CENTER,Pima 232,6465 S CRAYCROFT ROAD,Tucson,AZ,85756,06:00:00 - 07:00,19:00:00 - 07:00,
Pima County,County Recorder,":election,:registration",ocd-division/country:us/state:az/county:pima,Pima County AZ,http://www.recorder.Pima.gov/,"(520) 724-4330, 520-724-6830",recorder@recorder.pima.gov,MT. ZION LUTHERAN CHURCH,Pima 233,4520 W AJO WAY,Tucson,AZ,85746,06:00:00 - 07:00,19:00:00 - 07:00,
Pima County,County Recorder,":election,:registration",ocd-division/country:us/state:az/county:pima,Pima County AZ,http://www.recorder.Pima.gov/,"(520) 724-4330, 520-724-6830",recorder@recorder.pima.gov,HOLY WAY PRESBYTERIAN CHURCH,Pima 234,4040 S BILBRAY AVENUE,Tucson,AZ,85746,06:00:00 - 07:00,19:00:00 - 07:00,
Pima County,County Recorder,":election,:registration",ocd-division/country:us/state:az/county:pima,Pima County AZ,http://www.recorder.Pima.gov/,"(520) 724-4330, 520-724-6830",recorder@recorder.pima.gov,SONRISE BAPTIST CHURCH,Pima 235,2861 W. PELSTON STREET,Tucson,AZ,85746,06:00:00 - 07:00,19:00:00 - 07:00,
Pima County,County Recorder,":election,:registration",ocd-division/country:us/state:az/county:pima,Pima County AZ,http://www.recorder.Pima.gov/,"(520) 724-4330, 520-724-6830",recorder@recorder.pima.gov,SAN XAVIER DISTRICT,Pima 236,2018 W SAN XAVIER ROAD,Tucson,AZ,85746,06:00:00 - 07:00,19:00:00 - 07:00,
Pima County,County Recorder,":election,:registration",ocd-division/country:us/state:az/county:pima,Pima County AZ,http://www.recorder.Pima.gov/,"(520) 724-4330, 520-724-6830",recorder@recorder.pima.gov,"JUNIOR LEAGUE OF TUCSON, INC.",Pima 237,2099 E RIVER ROAD,Tucson,AZ,85718,06:00:00 - 07:00,19:00:00 - 07:00,
Pima County,County Recorder,":election,:registration",ocd-division/country:us/state:az/county:pima,Pima County AZ,http://www.recorder.Pima.gov/,"(520) 724-4330, 520-724-6830",recorder@recorder.pima.gov,SUNRISE DRIVE ELEMENTARY,Pima 238,3617 N CAMINO BLANCO,Tucson,AZ,85718,06:00:00 - 07:00,19:00:00 - 07:00,
Pima County,County Recorder,":election,:registration",ocd-division/country:us/state:az/county:pima,Pima County AZ,http://www.recorder.Pima.gov/,"(520) 724-4330, 520-724-6830",recorder@recorder.pima.gov,LUTHERAN CHURCH OF THE FOOTHILLS,Pima 239,5102 N CRAYCROFT ROAD,Tucson,AZ,85718,06:00:00 - 07:00,19:00:00 - 07:00,
Pima County,County Recorder,":election,:registration",ocd-division/country:us/state:az/county:pima,Pima County AZ,http://www.recorder.Pima.gov/,"(520) 724-4330, 520-724-6830",recorder@recorder.pima.gov,MT LEMMON COMMUNITY CENTER,Pima 240,12949 N SABINO CANYON PARKWAY,Tucson,AZ,85619,06:00:00 - 07:00,19:00:00 - 07:00,
Pima County,County Recorder,":election,:registration",ocd-division/country:us/state:az/county:pima,Pima County AZ,http://www.recorder.Pima.gov/,"(520) 724-4330, 520-724-6830",recorder@recorder.pima.gov,RINCON MOUNTAIN PRESBYTERIAN CHURCH,Pima 241,8445 E TANQUE VERDE ROAD,Tucson,AZ,85749,06:00:00 - 07:00,19:00:00 - 07:00,
Pima County,County Recorder,":election,:registration",ocd-division/country:us/state:az/county:pima,Pima County AZ,http://www.recorder.Pima.gov/,"(520) 724-4330, 520-724-6830",recorder@recorder.pima.gov,CONTINENTAL RANCH COMMUNITY CENTER,Pima 242,8877 N COACHLINE BL,Tucson,AZ,85743,06:00:00 - 07:00,19:00:00 - 07:00,
Pima County,County Recorder,":election,:registration",ocd-division/country:us/state:az/county:pima,Pima County AZ,http://www.recorder.Pima.gov/,"(520) 724-4330, 520-724-6830",recorder@recorder.pima.gov,TANQUE VERDE BAPTIST CHURCH,Pima 243,2200 N TANQUE VERDE LOOP ROAD,Tucson,AZ,85749,06:00:00 - 07:00,19:00:00 - 07:00,
Pima County,County Recorder,":election,:registration",ocd-division/country:us/state:az/county:pima,Pima County AZ,http://www.recorder.Pima.gov/,"(520) 724-4330, 520-724-6830",recorder@recorder.pima.gov,IGLESIA BAUTISTA KAIROS,Pima 244,4502 S 12TH AVENUE,Tucson,AZ,85714,06:00:00 - 07:00,19:00:00 - 07:00,
Pima County,County Recorder,":election,:registration",ocd-division/country:us/state:az/county:pima,Pima County AZ,http://www.recorder.Pima.gov/,"(520) 724-4330, 520-724-6830",recorder@recorder.pima.gov,PIMA COUNTY DEPARTMENT OF TRANSPORTATION,Pima 245,1313 S MISSION ROAD,Tucson,AZ,85713,06:00:00 - 07:00,19:00:00 - 07:00,
Pima County,County Recorder,":election,:registration",ocd-division/country:us/state:az/county:pima,Pima County AZ,http://www.recorder.Pima.gov/,"(520) 724-4330, 520-724-6830",recorder@recorder.pima.gov,SANTA ROSA BRANCH LIBRARY,Pima 246,1075 S 10TH AVENUE,Tucson,AZ,85701,06:00:00 - 07:00,19:00:00 - 07:00,
Pima County,County Recorder,":election,:registration",ocd-division/country:us/state:az/county:pima,Pima County AZ,http://www.recorder.Pima.gov/,"(520) 724-4330, 520-724-6830",recorder@recorder.pima.gov,PIMA COUNTY DEPARTMENT OF TRANSPORTATION,Pima 247,1313 S MISSION ROAD,Tucson,AZ,85713,06:00:00 - 07:00,19:00:00 - 07:00,
Pima County,County Recorder,":election,:registration",ocd-division/country:us/state:az/county:pima,Pima County AZ,http://www.recorder.Pima.gov/,"(520) 724-4330, 520-724-6830",recorder@recorder.pima.gov,MARANATHA CHRISTIAN CENTER,Pima 248,334 W LOS REALES ROAD,Tucson,AZ,85756,06:00:00 - 07:00,19:00:00 - 07:00,
